sample_id,data_source,challenge_name,vulnerability_type,cwe,severity,description,endpoint,parameter,http_method,source_code,evidence,patch,validation_test,regression_result
juiceshop_0000,,Password Hash Leak,Sensitive_Data_Exposure,CWE-200,Low,Obtain the password (hash) of the currently logged-in user directly from a REST API endpoint.,/rest/user/authentication-details,not_available,GET,not_available,Juice Shop challenge [Password Hash Leak] demonstrates Sensitive_Data_Exposure (CWE-200) under Sensitive Data Exposure.,not_available,curl -s 'http://localhost:3000/rest/user/authentication-details' | grep -q -E 'password|secret|key|admin' && echo 'Vulnerable' || echo 'Fixed',not_tested
juiceshop_0001,,API-only XSS,Cross_Site_Scripting,CWE-79,Medium,"Perform a persisted XSS attack with &lt;iframe src=""javascript:alert(`xss`)""&gt; without using the frontend application at all. (This challenge is potentially harmful on Docker!)",/api/Products,description,POST,"ngAfterViewInit () {
    const products = this.productService.search('')
    const quantities = this.quantityService.getAll()
    forkJoin([quantities, products]).subscribe({
      next: ([quantities, products]) => {
        const dataTable: ProductTableEntry[] = []
        this.tableData = products
        this.trustProductDescription(products)
        for (const product of products) {
          dataTable.push({
            name: product.name,
            price: product.price,
            deluxePrice: product.deluxePrice,
            id: product.id,
            image: product.image,
            description: product.description
          })
        }
        for (const quantity of quantities) {
          const entry = dataTable.find((dataTableEntry) => {
            return dataTableEntry.id === quantity.ProductId
          })
          if (entry === undefined) {
            continue
          }
          entry.quantity = quantity.quantity
        }
        this.dataSource = new MatTableDataSource<ProductTableEntry>(dataTable)
        this.updatePageSizeOptions()
        this.dataSource.paginator = this.paginator
        this.setupResponsivePageSize()
        this.gridDataSource = this.dataSource.connect()
        this.resultsLength = this.dataSource.data.length
        this.filterTable()
        this.routerSubscription = this.router.events.subscribe(() => {
          this.filterTable()
        })
        this.cdRef.detectChanges()
      },
      error: (err) => { console.log(err) }
    })
  }

  trustProductDescription (tableData: any[]) {
    for (let i = 0; i < tableData.length; i++) {
      tableData[i].description = this.sanitizer.bypassSecurityTrustHtml(tableData[i].description)
    }
  }","Vulnerable code located at line(s) [46]. Security Root Cause & Remediation: Removing the bypass of sanitization entirely is the best way to fix the XSS vulnerability here. It should be noted, that XSS is only a consequence of broken authorization in this case, as users should not be allowed to change product descriptions in the first place.","ngAfterViewInit () {
    const products = this.productService.search('')
    const quantities = this.quantityService.getAll()
    forkJoin([quantities, products]).subscribe({
      next: ([quantities, products]) => {
        const dataTable: ProductTableEntry[] = []
        this.tableData = products
        for (const product of products) {
          dataTable.push({
            name: product.name,
            price: product.price,
            deluxePrice: product.deluxePrice,
            id: product.id,
            image: product.image,
            description: product.description
          })
        }
        for (const quantity of quantities) {
          const entry = dataTable.find((dataTableEntry) => {
            return dataTableEntry.id === quantity.ProductId
          })
          if (entry === undefined) {
            continue
          }
          entry.quantity = quantity.quantity
        }
        this.dataSource = new MatTableDataSource<ProductTableEntry>(dataTable)
        this.updatePageSizeOptions()
        this.dataSource.paginator = this.paginator
        this.setupResponsivePageSize()
        this.gridDataSource = this.dataSource.connect()
        this.resultsLength = this.dataSource.data.length
        this.filterTable()
        this.routerSubscription = this.router.events.subscribe(() => {
          this.filterTable()
        })
        this.cdRef.detectChanges()
      },
      error: (err) => { console.log(err) }
    })
  }",curl -s -X POST 'http://localhost:3000/api/Products' -d 'description=<script>alert(1)</script>' | grep -q '<script>alert(1)</script>' && echo 'Vulnerable' || echo 'Fixed',not_tested
juiceshop_0002,,Access Log,Observability_Failures,CWE-778,High,Gain access to any access log file of the server.,/support/logs/access.log,not_available,GET,"/* /ftp directory browsing and file download */
  app.use('/ftp', serveIndexMiddleware, serveIndex('ftp', { icons: true }))
  app.use('/ftp(?!/quarantine)/:file', servePublicFiles())
  app.use('/ftp/quarantine/:file', serveQuarantineFiles())

  app.use('/.well-known', serveIndexMiddleware, serveIndex('.well-known', { icons: true, view: 'details' }))
  app.use('/.well-known', express.static('.well-known'))

  /* /encryptionkeys directory browsing */
  app.use('/encryptionkeys', serveIndexMiddleware, serveIndex('encryptionkeys', { icons: true, view: 'details' }))
  app.use('/encryptionkeys/:file', serveKeyFiles())

  /* /logs directory browsing */
  app.use('/support/logs', serveIndexMiddleware, serveIndex('logs', { icons: true, view: 'details' }))
  app.use('/support/logs/:file', serveLogFiles())

  /* Swagger documentation for B2B v2 endpoints */
  app.use('/api-docs', swaggerUi.serve, swaggerUi.setup(swaggerDocument))

  app.use(express.static(path.resolve('frontend/dist/frontend')))
  app.use(cookieParser('kekse'))","Vulnerable code located at line(s) [14, 15]. Security Root Cause & Remediation: There should generally be no good reason to expose server logs through a web URL of the server itself, epecially not when that server is Internet-facing.","/* /ftp directory browsing and file download */
  app.use('/ftp', serveIndexMiddleware, serveIndex('ftp', { icons: true }))
  app.use('/ftp(?!/quarantine)/:file', servePublicFiles())
  app.use('/ftp/quarantine/:file', serveQuarantineFiles())

  app.use('/.well-known', serveIndexMiddleware, serveIndex('.well-known', { icons: true, view: 'details' }))
  app.use('/.well-known', express.static('.well-known'))

  /* /encryptionkeys directory browsing */
  app.use('/encryptionkeys', serveIndexMiddleware, serveIndex('encryptionkeys', { icons: true, view: 'details' }))
  app.use('/encryptionkeys/:file', serveKeyFiles())

  /* Swagger documentation for B2B v2 endpoints */
  app.use('/api-docs', swaggerUi.serve, swaggerUi.setup(swaggerDocument))

  app.use(express.static(path.resolve('frontend/dist/frontend')))
  app.use(cookieParser('kekse'))",curl -s -X GET 'http://localhost:3000/support/logs/access.log',not_tested
juiceshop_0003,,Admin Registration,Improper_Input_Validation,CWE-20,Medium,Register as a user with administrator privileges.,/api/Users,role,POST,"/* Generated API endpoints */
  finale.initialize({ app, sequelize: seq })

  const autoModels = [
    { name: 'User', exclude: ['password', 'totpSecret'], model: UserModel },
    { name: 'Product', exclude: [], model: ProductModel },
    { name: 'Feedback', exclude: [], model: FeedbackModel },
    { name: 'BasketItem', exclude: [], model: BasketItemModel },
    { name: 'Challenge', exclude: [], model: ChallengeModel, include: [ChallengeDependencyModel] },
    { name: 'Complaint', exclude: [], model: ComplaintModel },
    { name: 'Recycle', exclude: [], model: RecycleModel },
    { name: 'SecurityQuestion', exclude: [], model: SecurityQuestionModel },
    { name: 'SecurityAnswer', exclude: [], model: SecurityAnswerModel },
    { name: 'Address', exclude: [], model: AddressModel },
    { name: 'PrivacyRequest', exclude: [], model: PrivacyRequestModel },
    { name: 'Card', exclude: [], model: CardModel },
    { name: 'Quantity', exclude: [], model: QuantityModel },
    { name: 'Hint', exclude: [], model: HintModel }
  ]

  for (const { name, exclude, model, include } of autoModels) {
    const resource = finale.resource({
      model,
      endpoints: [`/api/${name}s`, `/api/${name}s/:id`],
      excludeAttributes: exclude,
      pagination: false,
      include
    })

    // create a wallet when a new user is registered using API
    if (name === 'User') {
      resource.create.send.before((req: Request, res: Response, context: { instance: { id: any }, continue: any }) => {
        WalletModel.create({ UserId: context.instance.id }).catch((err: unknown) => {
          console.log(err)
        })
        return context.continue
      })
    }","Vulnerable code located at line(s) [32]. Security Root Cause & Remediation: This actually fixes the role assignment issue, by overriding any value pre-set via the POST request with a static ""customer"" default role.","/* Generated API endpoints */
  finale.initialize({ app, sequelize: seq })

  const autoModels = [
    { name: 'User', exclude: ['password', 'totpSecret'], model: UserModel },
    { name: 'Product', exclude: [], model: ProductModel },
    { name: 'Feedback', exclude: [], model: FeedbackModel },
    { name: 'BasketItem', exclude: [], model: BasketItemModel },
    { name: 'Challenge', exclude: [], model: ChallengeModel, include: [ChallengeDependencyModel] },
    { name: 'Complaint', exclude: [], model: ComplaintModel },
    { name: 'Recycle', exclude: [], model: RecycleModel },
    { name: 'SecurityQuestion', exclude: [], model: SecurityQuestionModel },
    { name: 'SecurityAnswer', exclude: [], model: SecurityAnswerModel },
    { name: 'Address', exclude: [], model: AddressModel },
    { name: 'PrivacyRequest', exclude: [], model: PrivacyRequestModel },
    { name: 'Card', exclude: [], model: CardModel },
    { name: 'Quantity', exclude: [], model: QuantityModel },
    { name: 'Hint', exclude: [], model: HintModel }
  ]

  for (const { name, exclude, model, include } of autoModels) {
    const resource = finale.resource({
      model,
      endpoints: [`/api/${name}s`, `/api/${name}s/:id`],
      excludeAttributes: exclude,
      pagination: false,
      include
    })

    // create a wallet when a new user is registered using API
    if (name === 'User') {
      resource.create.send.before((req: Request, res: Response, context: { instance: { id: any }, continue: any }) => {
        WalletModel.create({ UserId: context.instance.id }).catch((err: unknown) => {
          console.log(err)
        })
        context.instance.role = 'customer'
        return context.continue
      })
    }",curl -s -X POST 'http://localhost:3000/api/Users',not_tested
juiceshop_0004,,Admin Section,Broken_Access_Control,CWE-285,Medium,Access the administration section of the store.,/#/administration,not_available,GET,"const routes: Routes = [
  {
    path: 'administration',
    component: AdministrationComponent,
    canActivate: [AdminGuard]
  },
  {
    path: 'accounting',
    component: AccountingComponent,
    canActivate: [AccountingGuard]
  },
  {
    path: 'about',
    loadComponent: async () => await loadAboutComponent()
  },
  {
    path: 'address/select',
    component: AddressSelectComponent,
    canActivate: [LoginGuard]
  },
  {
    path: 'address/saved',
    component: SavedAddressComponent,
    canActivate: [LoginGuard]
  },
  {
    path: 'address/create',
    component: AddressCreateComponent,
    canActivate: [LoginGuard]
  },
  {
    path: 'address/edit/:addressId',
    component: AddressCreateComponent,
    canActivate: [LoginGuard]
  },
  {
    path: 'delivery-method',
    component: DeliveryMethodComponent
  },
  {
    path: 'deluxe-membership',
    component: DeluxeUserComponent,
    canActivate: [LoginGuard]
  },
  {
    path: 'saved-payment-methods',
    component: SavedPaymentMethodsComponent
  },
  {
    path: 'basket',
    component: BasketComponent
  },
  {
    path: 'order-completion/:id',
    component: OrderCompletionComponent
  },
  {
    path: 'contact',
    component: ContactComponent
  },
  {
    path: 'photo-wall',
    component: PhotoWallComponent
  },
  {
    path: 'complain',
    component: ComplaintComponent
  },
  {
    path: 'order-summary',
    component: OrderSummaryComponent
  },
  {
    path: 'order-history',
    component: OrderHistoryComponent
  },
  {
    path: 'payment/:entity',
    component: PaymentComponent
  },
  {
    path: 'wallet',
    component: WalletComponent
  },
  {
    path: 'login',
    component: LoginComponent
  },
  {
    path: 'forgot-password',
    component: ForgotPasswordComponent
  },
  {
    path: 'recycle',
    loadComponent: async () => await loadRecycleComponent()
  },
  {
    path: 'register',
    component: RegisterComponent
  },
  {
    path: 'search',
    component: SearchResultComponent
  },
  {
    path: 'hacking-instructor',
    component: SearchResultComponent
  },
  {
    path: 'score-board',
    component: ScoreBoardComponent
  },
  {
    path: 'track-result',
    component: TrackResultComponent
  },
  {
    path: 'track-result/new',
    component: TrackResultComponent,
    data: {
      type: 'new'
    }
  },
  {
    path: '2fa/enter',
    component: TwoFactorAuthEnterComponent
  },
  {
    path: 'privacy-security',
    component: PrivacySecurityComponent,
    children: [
      {
        path: 'privacy-policy',
        component: PrivacyPolicyComponent
      },
      {
        path: 'change-password',
        component: ChangePasswordComponent
      },
      {
        path: 'two-factor-authentication',
        component: TwoFactorAuthComponent
      },
      {
        path: 'data-export',
        component: DataExportComponent
      },
      {
        path: 'last-login-ip',
        component: LastLoginIpComponent
      }
    ]
  },
  {
    path: 'juicy-nft',
    component: NFTUnlockComponent
  },
  {
    path: 'wallet-web3',
    loadChildren: async () => await loadWeb3WalletModule()
  },
  {
    path: 'web3-sandbox',
    loadChildren: async () => await loadWeb3SandboxModule()
  },
  {
    path: 'chatbot',
    component: ChatbotComponent,
    children: [
      { path: '', component: ChatWelcomePageComponent },
      { path: 'conversation/:id', component: ChatConversationComponent }
    ]
  },
  {
    path: 'bee-haven',
    loadChildren: async () => await loadFaucetModule()
  },
   {
    matcher: oauthMatcher,
    data: { params: (window.location.href).substr(window.location.href.indexOf('#')) },
    component: OAuthComponent
  },
  {
    matcher: tokenMatcher,
    component: TokenSaleComponent
  },
  {
    path: 'coding-challenge/:challengeKey',
    loadComponent: async () => await loadCodingChallenge()
  },
  {
    path: '403',
    component: ErrorPageComponent
  },
  {
    path: '**',
    component: SearchResultComponent
  }
]","Vulnerable code located at line(s) [3]. Security Root Cause & Remediation: While attempts could be made to limit access to administrative functions of a web shop through access control, it is definitely safer to apply the ""separation of concerns"" pattern more strictly by internally hosting a distinct admin backend application with no Internet exposure.","const routes: Routes = [
  /* TODO: Externalize admin functions into separate application
           that is only accessible inside corporate network.
   */
  // {
  //   path: 'administration',
  //   component: AdministrationComponent,
  //   canActivate: [AdminGuard]
  // },
  {
    path: 'accounting',
    component: AccountingComponent,
    canActivate: [AccountingGuard]
  },
  {
    path: 'about',
    loadComponent: async () => await loadAboutComponent()
  },
  {
    path: 'address/select',
    component: AddressSelectComponent,
    canActivate: [LoginGuard]
  },
  {
    path: 'address/saved',
    component: SavedAddressComponent,
    canActivate: [LoginGuard]
  },
  {
    path: 'address/create',
    component: AddressCreateComponent,
    canActivate: [LoginGuard]
  },
  {
    path: 'address/edit/:addressId',
    component: AddressCreateComponent,
    canActivate: [LoginGuard]
  },
  {
    path: 'delivery-method',
    component: DeliveryMethodComponent
  },
  {
    path: 'deluxe-membership',
    component: DeluxeUserComponent,
    canActivate: [LoginGuard]
  },
  {
    path: 'saved-payment-methods',
    component: SavedPaymentMethodsComponent
  },
  {
    path: 'basket',
    component: BasketComponent
  },
  {
    path: 'order-completion/:id',
    component: OrderCompletionComponent
  },
  {
    path: 'contact',
    component: ContactComponent
  },
  {
    path: 'photo-wall',
    component: PhotoWallComponent
  },
  {
    path: 'complain',
    component: ComplaintComponent
  },
  {
    path: 'order-summary',
    component: OrderSummaryComponent
  },
  {
    path: 'order-history',
    component: OrderHistoryComponent
  },
  {
    path: 'payment/:entity',
    component: PaymentComponent
  },
  {
    path: 'wallet',
    component: WalletComponent
  },
  {
    path: 'login',
    component: LoginComponent
  },
  {
    path: 'forgot-password',
    component: ForgotPasswordComponent
  },
  {
    path: 'recycle',
    loadComponent: async () => await loadRecycleComponent()
  },
  {
    path: 'register',
    component: RegisterComponent
  },
  {
    path: 'search',
    component: SearchResultComponent
  },
  {
    path: 'hacking-instructor',
    component: SearchResultComponent
  },
  {
    path: 'score-board',
    component: ScoreBoardComponent
  },
  {
    path: 'track-result',
    component: TrackResultComponent
  },
  {
    path: 'track-result/new',
    component: TrackResultComponent,
    data: {
      type: 'new'
    }
  },
  {
    path: '2fa/enter',
    component: TwoFactorAuthEnterComponent
  },
  {
    path: 'privacy-security',
    component: PrivacySecurityComponent,
    children: [
      {
        path: 'privacy-policy',
        component: PrivacyPolicyComponent
      },
      {
        path: 'change-password',
        component: ChangePasswordComponent
      },
      {
        path: 'two-factor-authentication',
        component: TwoFactorAuthComponent
      },
      {
        path: 'data-export',
        component: DataExportComponent
      },
      {
        path: 'last-login-ip',
        component: LastLoginIpComponent
      }
    ]
  },
  {
    path: 'juicy-nft',
    component: NFTUnlockComponent
  },
  {
    path: 'wallet-web3',
    loadChildren: async () => await loadWeb3WalletModule()
  },
  {
    path: 'web3-sandbox',
    loadChildren: async () => await loadWeb3SandboxModule()
  },
  {
    path: 'chatbot',
    component: ChatbotComponent,
    children: [
      { path: '', component: ChatWelcomePageComponent },
      { path: 'conversation/:id', component: ChatConversationComponent }
    ]
  },
  {
    path: 'bee-haven',
    loadChildren: async () => await loadFaucetModule()
  },
   {
    matcher: oauthMatcher,
    data: { params: (window.location.href).substr(window.location.href.indexOf('#')) },
    component: OAuthComponent
  },
  {
    matcher: tokenMatcher,
    component: TokenSaleComponent
  },
  {
    path: 'coding-challenge/:challengeKey',
    loadComponent: async () => await loadCodingChallenge()
  },
  {
    path: '403',
    component: ErrorPageComponent
  },
  {
    path: '**',
    component: SearchResultComponent
  }
]",curl -s -o /dev/null -w '%{http_code}' 'http://localhost:3000/#/administration' | grep -q '401\|403' && echo 'Fixed' || echo 'Vulnerable',not_tested
juiceshop_0005,,Arbitrary File Write,Vulnerable_Components,CWE-1395,Critical,Overwrite the Legal Information file. (This challenge is potentially harmful on Docker!),/ftp/legal.md,file,POST,not_available,Juice Shop challenge [Arbitrary File Write] demonstrates Vulnerable_Components (CWE-1395) under Vulnerable Components.,not_available,curl -s -X POST 'http://localhost:3000/ftp/legal.md',not_tested
juiceshop_0006,,Bjoern's Favorite Pet,Broken_Authentication,CWE-287,Medium,Reset the password of Bjoern's OWASP account via the Forgot Password mechanism with the original answer to his security question.,/rest/user/reset-password,answer,POST,"-
  question: 'Your eldest siblings middle name?'
-
  question: ""Mother's maiden name?""
-
  question: ""Mother's birth date? (MM/DD/YY)""
-
  question: ""Father's birth date? (MM/DD/YY)""
-
  question: ""Maternal grandmother's first name?""
-
  question: ""Paternal grandmother's first name?""
-
  question: 'Name of your favorite pet?'
-
  question: ""Last name of dentist when you were a teenager? (Do not include 'Dr.')""
-
  question: 'Your ZIP/postal code when you were a teenager?'
-
  question: 'Company you first work for as an adult?'
-
  question: 'Your favorite book?'
-
  question: 'Your favorite movie?'
-
  question: 'Number of one of your customer or ID cards?'
-
  question: ""What's your favorite place to go hiking?""","Vulnerable code located at line(s) [14]. Security Root Cause & Remediation: When answered truthfully, all security questions are susceptible to online research (on Facebook, LinkedIn etc.) and often even brute force. If at all, they should not be used as the only factor for a security-relevant function.","# Provide password reset option via a one-time link with
# short expiration span to registered email address instead
# of allowing reset on-the-fly by answering a security
# question.",curl -s -X POST 'http://localhost:3000/rest/user/reset-password',not_tested
juiceshop_0007,,Blockchain Hype,Security_through_Obscurity,CWE-656,Critical,Learn about the Token Sale before its official announcement.,/#/tokensale-ico-ea,not_available,GET,"{
    matcher: oauthMatcher,
    data: { params: (window.location.href).substr(window.location.href.indexOf('#')) },
    component: OAuthComponent
  },
  {
    matcher: tokenMatcher,
    component: TokenSaleComponent
  },
  {
    path: 'coding-challenge/:challengeKey',
    loadComponent: async () => await loadCodingChallenge()
  },
  {
    path: '403',
    component: ErrorPageComponent
  },
  {
    path: '**',
    component: SearchResultComponent
  }
]

export const Routing = RouterModule.forRoot(routes, { useHash: true })

export function oauthMatcher (url: UrlSegment[]): UrlMatchResult {
  if (url.length === 0) {
    return null as unknown as UrlMatchResult
  }
  const path = window.location.href
  if (path.includes('#access_token=')) {
    return ({ consumed: url })
  }

  return null as unknown as UrlMatchResult
}

export function tokenMatcher (url: UrlSegment[]): UrlMatchResult {
  if (url.length === 0) {
    return null as unknown as UrlMatchResult
  }

  const path = url[0].toString()

  if (path.match((token1(25, 184, 174, 179, 182, 186) + (36669).toString(36).toLowerCase() + token2(13, 144, 87, 152, 139, 144, 83, 138) + (10).toString(36).toLowerCase()))) {
    return ({ consumed: url })
  }

  return null as unknown as UrlMatchResult
}

export function token1 (...args: number[]) {
  const L = Array.prototype.slice.call(args)
  const D = L.shift()
  return L.reverse().map(function (C, A) {
    return String.fromCharCode(C - D - 45 - A)
  }).join('')
}

export function token2 (...args: number[]) {
  const T = Array.prototype.slice.call(arguments)
  const M = T.shift()
  return T.reverse().map(function (m, H) {
    return String.fromCharCode(m - M - 24 - H)
  }).join('')
}","Vulnerable code located at line(s) [7, 45]. Security Root Cause & Remediation: The only viable way to prevent access to a soon-to-be-released Token Sale page is to not have it in the client-side code before its actual release. It then makes sense to not have any premature route mapping declarations either. This then makes the whole obfuscation code-madness unnecessary as well.","{
    matcher: oauthMatcher,
    data: { params: (window.location.href).substr(window.location.href.indexOf('#')) },
    component: OAuthComponent
  },
  {
    path: 'coding-challenge/:challengeKey',
    loadComponent: async () => await loadCodingChallenge()
  },
  {
    path: '403',
    component: ErrorPageComponent
  },
  {
    path: '**',
    component: SearchResultComponent
  }
]

export const Routing = RouterModule.forRoot(routes, { useHash: true, relativeLinkResolution: 'legacy' })

export function oauthMatcher (url: UrlSegment[]): UrlMatchResult {
  if (url.length === 0) {
    return null as unknown as UrlMatchResult
  }
  const path = window.location.href
  if (path.includes('#access_token=')) {
    return ({ consumed: url })
  }

  return null as unknown as UrlMatchResult
}",curl -s -X GET 'http://localhost:3000/#/tokensale-ico-ea',not_tested
juiceshop_0008,,NFT Takeover,Sensitive_Data_Exposure,CWE-200,Low,Take over the wallet containing our official Soul Bound Token (NFT).,/rest/web3/wallet,not_available,GET,"pragma solidity ^0.8.4;

import ""@openzeppelin/contracts/token/ERC721/ERC721.sol"";
import ""@openzeppelin/contracts/token/ERC721/extensions/ERC721URIStorage.sol"";
import ""@openzeppelin/contracts/access/Ownable.sol"";
import ""@openzeppelin/contracts/utils/Counters.sol"";

contract JuiceShopSBT is ERC721, ERC721URIStorage, Ownable {
    using Counters for Counters.Counter;

    Counters.Counter private _tokenIdCounter;

    constructor() ERC721(""JuiceShopSBT"", ""JS"") {}

    function safeMint(address to, string memory uri) public onlyOwner {
        uint256 tokenId = _tokenIdCounter.current();
        _tokenIdCounter.increment();
        _safeMint(to, tokenId);
        _setTokenURI(tokenId, uri);
    }

    function _beforeTokenTransfer(
    address from,
    address to,
    uint256 tokenId
    ) internal override virtual {
    require(from == address(0), ""Err: token transfer is BLOCKED"");
    super._beforeTokenTransfer(from, to, tokenId);
    }

    function _burn(uint256 tokenId) internal override(ERC721, ERC721URIStorage) {
        super._burn(tokenId);
    }

    function tokenURI(uint256 tokenId)
        public
        view
        override(ERC721, ERC721URIStorage)
        returns (string memory)
    {
        return super.tokenURI(tokenId);
    }
}","Vulnerable code located at line(s) [16]. Security Root Cause & Remediation: Using a hash of contextual data like the timestamp, recipient address and token URI to generate the token ID makes it non-predictable and prevents an attacker from guessing or front-running token IDs.","pragma solidity ^0.8.4;

import ""@openzeppelin/contracts/token/ERC721/ERC721.sol"";
import ""@openzeppelin/contracts/token/ERC721/extensions/ERC721URIStorage.sol"";
import ""@openzeppelin/contracts/access/Ownable.sol"";
import ""@openzeppelin/contracts/utils/Counters.sol"";

contract JuiceShopSBT is ERC721, ERC721URIStorage, Ownable {
    using Counters for Counters.Counter;

    Counters.Counter private _tokenIdCounter;

    constructor() ERC721(""JuiceShopSBT"", ""JS"") {}

    function safeMint(address to, string memory uri) public onlyOwner {
        uint256 tokenId = uint256(keccak256(abi.encodePacked(block.timestamp, to, uri)));
        _tokenIdCounter.increment();
        _safeMint(to, tokenId);
        _setTokenURI(tokenId, uri);
    }

    function _beforeTokenTransfer(
    address from,
    address to,
    uint256 tokenId
    ) internal override virtual {
    require(from == address(0), ""Err: token transfer is BLOCKED"");
    super._beforeTokenTransfer(from, to, tokenId);
    }

    function _burn(uint256 tokenId) internal override(ERC721, ERC721URIStorage) {
        super._burn(tokenId);
    }

    function tokenURI(uint256 tokenId)
        public
        view
        override(ERC721, ERC721URIStorage)
        returns (string memory)
    {
        return super.tokenURI(tokenId);
    }
}",curl -s 'http://localhost:3000/rest/web3/wallet' | grep -q -E 'password|secret|key|admin' && echo 'Vulnerable' || echo 'Fixed',not_tested
juiceshop_0009,,Mint the Honey Pot,Improper_Input_Validation,CWE-20,Medium,Mint the Honey Pot NFT by gathering BEEs from the bee haven.,/rest/web3/mint,not_available,POST,"pragma solidity ^0.8.0;

import ""@openzeppelin/contracts/token/ERC721/ERC721.sol"";
import ""@openzeppelin/contracts/access/Ownable.sol"";
import ""@openzeppelin/contracts/utils/math/SafeMath.sol"";
import ""@openzeppelin/contracts/token/ERC20/IERC20.sol"";

contract HoneyPotNFT is ERC721, Ownable {
    using SafeMath for uint256;

    IERC20 public token = IERC20(0x36435796Ca9be2bf150CE0dECc2D8Fab5C4d6E13);
    uint256 public constant mintPrice = 1000 * (10**18);
    uint256 public totalSupply = 0;

    string public constant fixedMetadataHash = ""QmRad1vxT3soFMNx9j3bBmkABb4C86anY1f5XeonosHy3m"";
    event NFTMinted(address indexed owner, uint256 tokenId);

    constructor() ERC721(""The Enchanted Honey Pot"", ""EHP"") {}

    function mintNFT() external {
        token.transferFrom(msg.sender, address(this), mintPrice);
        _safeMint(msg.sender, totalSupply);
        totalSupply = totalSupply.add(1);
        emit NFTMinted(msg.sender, totalSupply - 1);
    }

    function tokenURI(uint256 tokenId) public view override returns (string memory) {
        require(_exists(tokenId), ""Token does not exist."");
        return fixedMetadataHash;
    }
}",Vulnerable code located at line(s) [24]. Security Root Cause & Remediation: Using SafeMath's sub() fuction fixes any potential underflow attack against the tokenId variable of type uint256.,"pragma solidity ^0.8.0;

import ""@openzeppelin/contracts/token/ERC721/ERC721.sol"";
import ""@openzeppelin/contracts/access/Ownable.sol"";
import ""@openzeppelin/contracts/utils/math/SafeMath.sol"";
import ""@openzeppelin/contracts/token/ERC20/IERC20.sol"";

contract HoneyPotNFT is ERC721, Ownable {
    using SafeMath for uint256;

    IERC20 public token = IERC20(0x36435796Ca9be2bf150CE0dECc2D8Fab5C4d6E13);
    uint256 public constant mintPrice = 1000 * (10**18);
    uint256 public totalSupply = 0;

    string public constant fixedMetadataHash = ""QmRad1vxT3soFMNx9j3bBmkABb4C86anY1f5XeonosHy3m"";
    event NFTMinted(address indexed owner, uint256 tokenId);

    constructor() ERC721(""The Enchanted Honey Pot"", ""EHP"") {}

    function mintNFT() external {
        token.transferFrom(msg.sender, address(this), mintPrice);
        _safeMint(msg.sender, totalSupply);
        totalSupply = totalSupply.add(1);
        emit NFTMinted(msg.sender, totalSupply.sub(1));
    }

    function tokenURI(uint256 tokenId) public view override returns (string memory) {
        require(_exists(tokenId), ""Token does not exist."");
        return fixedMetadataHash;
    }
}",curl -s -X POST 'http://localhost:3000/rest/web3/mint',not_tested
juiceshop_0010,,Wallet Depletion,Miscellaneous_Security_Flaw,CWE-699,Critical,Withdraw more ETH from the new wallet than you deposited.,/rest/web3/wallet,amount,POST,"pragma solidity ^0.6.12;
import 'https://github.com/OpenZeppelin/openzeppelin-contracts/blob/release-v3.3/contracts/math/SafeMath.sol';

contract ETHWalletBank {
  using SafeMath for uint256;

  mapping(address => uint) public balances;
  mapping(address => uint) public userWithdrawing;

  event ContractExploited(address indexed culprit);

  function ethdeposit(address _to) public payable {
    balances[_to] = balances[_to].add(msg.value);
  }

  function balanceOf(address _who) public view returns (uint balance) {
    return balances[_who];
  }

  function withdraw(uint _amount) public {
    require(_amount <= 0.1 ether, ""Withdrawal amount must be less than or equal to 0.1 ether"");
    require(balances[msg.sender] >= _amount, ""Insufficient balance"");
    if (userWithdrawing[msg.sender] <= 1) {
      userWithdrawing[msg.sender] = userWithdrawing[msg.sender] + 1;
    } else {
      userWithdrawing[msg.sender] = 0;
      return;
    }
    (bool result, ) = msg.sender.call{ value: _amount }("""");
    require(result, ""Withdrawal call failed"");
    balances[msg.sender] -= _amount;
    userWithdrawing[msg.sender] = 0;
  }

  receive() external payable {}
}",Vulnerable code located at line(s) [31]. Security Root Cause & Remediation: The reentrancy attacks is prevented by updating the balance before transferring funds via the external call.,"pragma solidity ^0.6.12;
import 'https://github.com/OpenZeppelin/openzeppelin-contracts/blob/release-v3.3/contracts/math/SafeMath.sol';

contract ETHWalletBank {
  using SafeMath for uint256;

  mapping(address => uint) public balances;
  mapping(address => uint) public userWithdrawing;

  event ContractExploited(address indexed culprit);

  function ethdeposit(address _to) public payable {
    balances[_to] = balances[_to].add(msg.value);
  }

  function balanceOf(address _who) public view returns (uint balance) {
    return balances[_who];
  }

  function withdraw(uint _amount) public {
    require(_amount <= 0.1 ether, ""Withdrawal amount must be less than or equal to 0.1 ether"");
    require(balances[msg.sender] >= _amount, ""Insufficient balance"");
    if (userWithdrawing[msg.sender] <= 1) {
      userWithdrawing[msg.sender] = userWithdrawing[msg.sender] + 1;
    } else {
      userWithdrawing[msg.sender] = 0;
      return;
    }
    balances[msg.sender] -= _amount;
    (bool result, ) = msg.sender.call{ value: _amount }("""");
    require(result, ""Withdrawal call failed"");
    userWithdrawing[msg.sender] = 0;
  }

  receive() external payable {}
}",curl -s -X POST 'http://localhost:3000/rest/web3/wallet',not_tested
juiceshop_0011,,Web3 Sandbox,Broken_Access_Control,CWE-285,Low,Find an accidentally deployed code sandbox for writing smart contracts on the fly.,/#/web3-sandbox,not_available,GET,"const routes: Routes = [
  {
    path: 'administration',
    component: AdministrationComponent,
    canActivate: [AdminGuard]
  },
  {
    path: 'accounting',
    component: AccountingComponent,
    canActivate: [AccountingGuard]
  },
  {
    path: 'about',
    loadComponent: async () => await loadAboutComponent()
  },
  {
    path: 'address/select',
    component: AddressSelectComponent,
    canActivate: [LoginGuard]
  },
  {
    path: 'address/saved',
    component: SavedAddressComponent,
    canActivate: [LoginGuard]
  },
  {
    path: 'address/create',
    component: AddressCreateComponent,
    canActivate: [LoginGuard]
  },
  {
    path: 'address/edit/:addressId',
    component: AddressCreateComponent,
    canActivate: [LoginGuard]
  },
  {
    path: 'delivery-method',
    component: DeliveryMethodComponent
  },
  {
    path: 'deluxe-membership',
    component: DeluxeUserComponent,
    canActivate: [LoginGuard]
  },
  {
    path: 'saved-payment-methods',
    component: SavedPaymentMethodsComponent
  },
  {
    path: 'basket',
    component: BasketComponent
  },
  {
    path: 'order-completion/:id',
    component: OrderCompletionComponent
  },
  {
    path: 'contact',
    component: ContactComponent
  },
  {
    path: 'photo-wall',
    component: PhotoWallComponent
  },
  {
    path: 'complain',
    component: ComplaintComponent
  },
  {
    path: 'order-summary',
    component: OrderSummaryComponent
  },
  {
    path: 'order-history',
    component: OrderHistoryComponent
  },
  {
    path: 'payment/:entity',
    component: PaymentComponent
  },
  {
    path: 'wallet',
    component: WalletComponent
  },
  {
    path: 'login',
    component: LoginComponent
  },
  {
    path: 'forgot-password',
    component: ForgotPasswordComponent
  },
  {
    path: 'recycle',
    loadComponent: async () => await loadRecycleComponent()
  },
  {
    path: 'register',
    component: RegisterComponent
  },
  {
    path: 'search',
    component: SearchResultComponent
  },
  {
    path: 'hacking-instructor',
    component: SearchResultComponent
  },
  {
    path: 'score-board',
    component: ScoreBoardComponent
  },
  {
    path: 'track-result',
    component: TrackResultComponent
  },
  {
    path: 'track-result/new',
    component: TrackResultComponent,
    data: {
      type: 'new'
    }
  },
  {
    path: '2fa/enter',
    component: TwoFactorAuthEnterComponent
  },
  {
    path: 'privacy-security',
    component: PrivacySecurityComponent,
    children: [
      {
        path: 'privacy-policy',
        component: PrivacyPolicyComponent
      },
      {
        path: 'change-password',
        component: ChangePasswordComponent
      },
      {
        path: 'two-factor-authentication',
        component: TwoFactorAuthComponent
      },
      {
        path: 'data-export',
        component: DataExportComponent
      },
      {
        path: 'last-login-ip',
        component: LastLoginIpComponent
      }
    ]
  },
  {
    path: 'juicy-nft',
    component: NFTUnlockComponent
  },
  {
    path: 'wallet-web3',
    loadChildren: async () => await loadWeb3WalletModule()
  },
  {
    path: 'web3-sandbox',
    loadChildren: async () => await loadWeb3SandboxModule()
  },
  {
    path: 'chatbot',
    component: ChatbotComponent,
    children: [
      { path: '', component: ChatWelcomePageComponent },
      { path: 'conversation/:id', component: ChatConversationComponent }
    ]
  },
  {
    path: 'bee-haven',
    loadChildren: async () => await loadFaucetModule()
  },
   {
    matcher: oauthMatcher,
    data: { params: (window.location.href).substr(window.location.href.indexOf('#')) },
    component: OAuthComponent
  },
  {
    matcher: tokenMatcher,
    component: TokenSaleComponent
  },
  {
    path: 'coding-challenge/:challengeKey',
    loadComponent: async () => await loadCodingChallenge()
  },
  {
    path: '403',
    component: ErrorPageComponent
  },
  {
    path: '**',
    component: SearchResultComponent
  }
]",Vulnerable code located at line(s) [163]. Security Root Cause & Remediation: This sandbox is for the developers of the application and was added for easy testing and prototyping. Functionality like this does under no circumstances belong into an application when it goes into production!,"const routes: Routes = [
  {
    path: 'administration',
    component: AdministrationComponent,
    canActivate: [AdminGuard]
  },
  {
    path: 'accounting',
    component: AccountingComponent,
    canActivate: [AccountingGuard]
  },
  {
    path: 'about',
    loadComponent: async () => await loadAboutComponent()
  },
  {
    path: 'address/select',
    component: AddressSelectComponent,
    canActivate: [LoginGuard]
  },
  {
    path: 'address/saved',
    component: SavedAddressComponent,
    canActivate: [LoginGuard]
  },
  {
    path: 'address/create',
    component: AddressCreateComponent,
    canActivate: [LoginGuard]
  },
  {
    path: 'address/edit/:addressId',
    component: AddressCreateComponent,
    canActivate: [LoginGuard]
  },
  {
    path: 'delivery-method',
    component: DeliveryMethodComponent
  },
  {
    path: 'deluxe-membership',
    component: DeluxeUserComponent,
    canActivate: [LoginGuard]
  },
  {
    path: 'saved-payment-methods',
    component: SavedPaymentMethodsComponent
  },
  {
    path: 'basket',
    component: BasketComponent
  },
  {
    path: 'order-completion/:id',
    component: OrderCompletionComponent
  },
  {
    path: 'contact',
    component: ContactComponent
  },
  {
    path: 'photo-wall',
    component: PhotoWallComponent
  },
  {
    path: 'complain',
    component: ComplaintComponent
  },
  {
    path: 'order-summary',
    component: OrderSummaryComponent
  },
  {
    path: 'order-history',
    component: OrderHistoryComponent
  },
  {
    path: 'payment/:entity',
    component: PaymentComponent
  },
  {
    path: 'wallet',
    component: WalletComponent
  },
  {
    path: 'login',
    component: LoginComponent
  },
  {
    path: 'forgot-password',
    component: ForgotPasswordComponent
  },
  {
    path: 'recycle',
    loadComponent: async () => await loadRecycleComponent()
  },
  {
    path: 'register',
    component: RegisterComponent
  },
  {
    path: 'search',
    component: SearchResultComponent
  },
  {
    path: 'hacking-instructor',
    component: SearchResultComponent
  },
  {
    path: 'score-board',
    component: ScoreBoardComponent
  },
  {
    path: 'track-result',
    component: TrackResultComponent
  },
  {
    path: 'track-result/new',
    component: TrackResultComponent,
    data: {
      type: 'new'
    }
  },
  {
    path: '2fa/enter',
    component: TwoFactorAuthEnterComponent
  },
  {
    path: 'privacy-security',
    component: PrivacySecurityComponent,
    children: [
      {
        path: 'privacy-policy',
        component: PrivacyPolicyComponent
      },
      {
        path: 'change-password',
        component: ChangePasswordComponent
      },
      {
        path: 'two-factor-authentication',
        component: TwoFactorAuthComponent
      },
      {
        path: 'data-export',
        component: DataExportComponent
      },
      {
        path: 'last-login-ip',
        component: LastLoginIpComponent
      }
    ]
  },
  {
    path: 'juicy-nft',
    component: NFTUnlockComponent
  },
  {
    path: 'wallet-web3',
    loadChildren: async () => await loadWeb3WalletModule()
  },
  {
    path: 'chatbot',
    component: ChatbotComponent,
    children: [
      { path: '', component: ChatWelcomePageComponent },
      { path: 'conversation/:id', component: ChatConversationComponent }
    ]
  },
  {
    path: 'bee-haven',
    loadChildren: async () => await loadFaucetModule()
  },
   {
    matcher: oauthMatcher,
    data: { params: (window.location.href).substr(window.location.href.indexOf('#')) },
    component: OAuthComponent
  },
  {
    matcher: tokenMatcher,
    component: TokenSaleComponent
  },
  {
    path: 'coding-challenge/:challengeKey',
    loadComponent: async () => await loadCodingChallenge()
  },
  {
    path: '403',
    component: ErrorPageComponent
  },
  {
    path: '**',
    component: SearchResultComponent
  }
]",curl -s -o /dev/null -w '%{http_code}' 'http://localhost:3000/#/web3-sandbox' | grep -q '401\|403' && echo 'Fixed' || echo 'Vulnerable',not_tested
juiceshop_0012,,Blocked RCE DoS,Insecure_Deserialization,CWE-502,Critical,Perform a Remote Code Execution that would keep a less hardened application busy forever. (This challenge is potentially harmful on Docker!),/rest/user/data-export,format,POST,not_available,Juice Shop challenge [Blocked RCE DoS] demonstrates Insecure_Deserialization (CWE-502) under Insecure Deserialization.,not_available,curl -s -X POST 'http://localhost:3000/rest/user/data-export',not_tested
juiceshop_0013,,CAPTCHA Bypass,Broken_Anti_Automation,CWE-799,Medium,Submit 10 or more customer feedbacks within 20 seconds.,/api/Feedbacks,captchaId,POST,not_available,Juice Shop challenge [CAPTCHA Bypass] demonstrates Broken_Anti_Automation (CWE-799) under Broken Anti Automation.,not_available,curl -s -X POST 'http://localhost:3000/api/Feedbacks',not_tested
juiceshop_0014,,Change Bender's Password,Broken_Authentication,CWE-287,Critical,Change Bender's password into slurmCl4ssic without using SQL Injection or Forgot Password.,/i,unknown,unknown,not_available,Juice Shop challenge [Change Bender's Password] demonstrates Broken_Authentication (CWE-287) under Broken Authentication.,not_available,curl -s -X unknown 'http://localhost:3000/i',not_tested
juiceshop_0015,,Christmas Special,SQL_Injection,CWE-89,High,Order the Christmas special offer of 2014.,/rest/products/search,q,GET,not_available,Juice Shop challenge [Christmas Special] demonstrates SQL_Injection (CWE-89) under Injection.,not_available,curl -s -X GET 'http://localhost:3000/rest/products/search?q='''%20OR%201=1--' | grep -v 'error' && echo 'Vulnerable' || echo 'Fixed',not_tested
juiceshop_0016,,CSP Bypass,Cross_Site_Scripting,CWE-79,High,Bypass the Content Security Policy and perform an XSS attack with &lt;script&gt;alert(`xss`)&lt;/script&gt; on a legacy page within the application. (This challenge is potentially harmful on Docker!),/profile,username,POST,not_available,Juice Shop challenge [CSP Bypass] demonstrates Cross_Site_Scripting (CWE-79) under XSS.,not_available,curl -s -X POST 'http://localhost:3000/profile' -d 'username=<script>alert(1)</script>' | grep -q '<script>alert(1)</script>' && echo 'Vulnerable' || echo 'Fixed',not_tested
juiceshop_0017,,Client-side XSS Protection,Cross_Site_Scripting,CWE-79,Medium,"Perform a persisted XSS attack with &lt;iframe src=""javascript:alert(`xss`)""&gt; bypassing a client-side security mechanism. (This challenge is potentially harmful on Docker!)",/rest/user/change-password,current,POST,not_available,Juice Shop challenge [Client-side XSS Protection] demonstrates Cross_Site_Scripting (CWE-79) under XSS.,not_available,curl -s -X POST 'http://localhost:3000/rest/user/change-password' -d 'current=<script>alert(1)</script>' | grep -q '<script>alert(1)</script>' && echo 'Vulnerable' || echo 'Fixed',not_tested
juiceshop_0018,,Confidential Document,Sensitive_Data_Exposure,CWE-200,Low,Access a confidential document.,/ftp,not_available,GET,"/* /ftp directory browsing and file download */
  app.use('/ftp', serveIndexMiddleware, serveIndex('ftp', { icons: true }))
  app.use('/ftp(?!/quarantine)/:file', servePublicFiles())
  app.use('/ftp/quarantine/:file', serveQuarantineFiles())

  app.use('/.well-known', serveIndexMiddleware, serveIndex('.well-known', { icons: true, view: 'details' }))
  app.use('/.well-known', express.static('.well-known'))

  /* /encryptionkeys directory browsing */
  app.use('/encryptionkeys', serveIndexMiddleware, serveIndex('encryptionkeys', { icons: true, view: 'details' }))
  app.use('/encryptionkeys/:file', serveKeyFiles())

  /* /logs directory browsing */
  app.use('/support/logs', serveIndexMiddleware, serveIndex('logs', { icons: true, view: 'details' }))
  app.use('/support/logs/:file', serveLogFiles())

  /* Swagger documentation for B2B v2 endpoints */
  app.use('/api-docs', swaggerUi.serve, swaggerUi.setup(swaggerDocument))

  app.use(express.static(path.resolve('frontend/dist/frontend')))
  app.use(cookieParser('kekse'))","Vulnerable code located at line(s) [2, 3]. Security Root Cause & Remediation: Getting rid of the /ftp folder entirely is the only way to plumb this data leakage for good. Valid static content in it needs to be moved to a more suitable location and order confirmation PDFs had no business to be placed there publicly accessible in the first place. Everything else in that folder was just accidentally put & forgotten there anyway.","  app.use('/.well-known', serveIndexMiddleware, serveIndex('.well-known', { icons: true, view: 'details' }))
  app.use('/.well-known', express.static('.well-known'))

  /* /encryptionkeys directory browsing */
  app.use('/encryptionkeys', serveIndexMiddleware, serveIndex('encryptionkeys', { icons: true, view: 'details' }))
  app.use('/encryptionkeys/:file', serveKeyFiles())

  /* /logs directory browsing */
  app.use('/support/logs', serveIndexMiddleware, serveIndex('logs', { icons: true, view: 'details' }))
  app.use('/support/logs/:file', serveLogFiles())

  /* Swagger documentation for B2B v2 endpoints */
  app.use('/api-docs', swaggerUi.serve, swaggerUi.setup(swaggerDocument))

  app.use(express.static(path.resolve('frontend/dist/frontend')))
  app.use(cookieParser('kekse'))",curl -s 'http://localhost:3000/ftp' | grep -q -E 'password|secret|key|admin' && echo 'Vulnerable' || echo 'Fixed',not_tested
juiceshop_0019,,DOM XSS,Cross_Site_Scripting,CWE-79,Low,"Perform a DOM XSS attack with &lt;iframe src=""javascript:alert(`xss`)""&gt;.",/#/search,q,GET,"filterTable () {
    let queryParam: string = this.route.snapshot.queryParams.q
    if (queryParam) {
      queryParam = queryParam.trim()
      this.dataSource.filter = queryParam.toLowerCase()
      this.searchValue = this.sanitizer.bypassSecurityTrustHtml(queryParam)
      if (this.gridDataSourceSubscription) {
        this.gridDataSourceSubscription.unsubscribe()
      }
      this.gridDataSourceSubscription = this.gridDataSource.subscribe((result: ProductTableEntry[]) => {
        if (result.length === 0) {
          this.emptyState = true
        } else {
          this.emptyState = false
        }
      })
    } else {
      this.dataSource.filter = ''
      this.searchValue = undefined
      this.emptyState = false
    }
  }",Vulnerable code located at line(s) [6]. Security Root Cause & Remediation: Removing the bypass of sanitization entirely is the best way to fix this vulnerability. Fiddling with Angular's built-in sanitization was entirely unnecessary as the user input for a text search should not be expected to contain HTML that needs to be rendered but merely plain text.,"filterTable () {
    let queryParam: string = this.route.snapshot.queryParams.q
    if (queryParam) {
      queryParam = queryParam.trim()
      this.dataSource.filter = queryParam.toLowerCase()
      this.searchValue = queryParam
      if (this.gridDataSourceSubscription) {
        this.gridDataSourceSubscription.unsubscribe()
      }
      this.gridDataSourceSubscription = this.gridDataSource.subscribe((result: ProductTableEntry[]) => {
        if (result.length === 0) {
          this.emptyState = true
        } else {
          this.emptyState = false
        }
      })
    } else {
      this.dataSource.filter = ''
      this.searchValue = undefined
      this.emptyState = false
    }
  }",curl -s -X GET 'http://localhost:3000/#/search' -d 'q=<script>alert(1)</script>' | grep -q '<script>alert(1)</script>' && echo 'Vulnerable' || echo 'Fixed',not_tested
juiceshop_0020,,Database Schema,SQL_Injection,CWE-89,Medium,Exfiltrate the entire DB schema definition via SQL Injection.,/rest/products/search,q,GET,"export function searchProducts () {
  return (req: Request, res: Response, next: NextFunction) => {
    let criteria: any = req.query.q === 'undefined' ? '' : req.query.q ?? ''
    criteria = (criteria.length <= 200) ? criteria : criteria.substring(0, 200)
    models.sequelize.query(`SELECT * FROM Products WHERE ((name LIKE '%${criteria}%' OR description LIKE '%${criteria}%') AND deletedAt IS NULL) ORDER BY name`)
      .then(([products]: any) => {
        const dataString = JSON.stringify(products)
        for (let i = 0; i < products.length; i++) {
          products[i].name = req.__(products[i].name)
          products[i].description = req.__(products[i].description)
        }
        res.json(utils.queryResultToJson(products))
      }).catch((error: ErrorWithParent) => {
        next(error.parent)
      })
  }
}","Vulnerable code located at line(s) [5]. Security Root Cause & Remediation: Using the built-in replacement (or binding) mechanism of Sequelize is equivalent to creating a Prepared Statement. This prevents tampering with the query syntax through malicious user input as it is ""set in stone"" before the criteria parameter is inserted.","export function searchProducts () {
  return (req: Request, res: Response, next: NextFunction) => {
    let criteria: any = req.query.q === 'undefined' ? '' : req.query.q ?? ''
    criteria = (criteria.length <= 200) ? criteria : criteria.substring(0, 200)
    models.sequelize.query(
        `SELECT * FROM Products WHERE ((name LIKE '%:criteria%' OR description LIKE '%:criteria%') AND deletedAt IS NULL) ORDER BY name`,
        { replacements: { criteria } }
      ).then(([products]: any) => {
        const dataString = JSON.stringify(products)
        for (let i = 0; i < products.length; i++) {
          products[i].name = req.__(products[i].name)
          products[i].description = req.__(products[i].description)
        }
        res.json(utils.queryResultToJson(products))
      }).catch((error: ErrorWithParent) => {
        next(error.parent)
      })
  }
}",curl -s -X GET 'http://localhost:3000/rest/products/search?q='''%20OR%201=1--' | grep -v 'error' && echo 'Vulnerable' || echo 'Fixed',not_tested
juiceshop_0021,,Deprecated Interface,Security_Misconfiguration,CWE-16,Low,Use a deprecated B2B interface that was not properly shut down. (This challenge is potentially harmful on Docker!),/rest/order/b2b,order,POST,not_available,Juice Shop challenge [Deprecated Interface] demonstrates Security_Misconfiguration (CWE-16) under Security Misconfiguration.,not_available,curl -s -X POST 'http://localhost:3000/rest/order/b2b',not_tested
juiceshop_0022,,Easter Egg,Broken_Access_Control,CWE-285,High,Find the hidden easter egg.,//en,unknown,unknown,not_available,Juice Shop challenge [Easter Egg] demonstrates Broken_Access_Control (CWE-285) under Broken Access Control.,not_available,curl -s -o /dev/null -w '%{http_code}' 'http://localhost:3000//en' | grep -q '401\|403' && echo 'Fixed' || echo 'Vulnerable',not_tested
juiceshop_0023,,Email Leak,Sensitive_Data_Exposure,CWE-200,Critical,Perform an unwanted information disclosure by accessing data cross-domain.,unknown,unknown,unknown,not_available,Juice Shop challenge [Email Leak] demonstrates Sensitive_Data_Exposure (CWE-200) under Sensitive Data Exposure.,not_available,not_available,not_tested
juiceshop_0024,,Empty User Registration,Improper_Input_Validation,CWE-20,Low,Register a user with an empty email and password.,unknown,unknown,unknown,not_available,Juice Shop challenge [Empty User Registration] demonstrates Improper_Input_Validation (CWE-20) under Improper Input Validation.,not_available,not_available,not_tested
juiceshop_0025,,Ephemeral Accountant,SQL_Injection,CWE-89,High,Log in with the (non-existing) accountant acc0unt4nt@juice-sh.op without ever registering that user.,/i,unknown,unknown,not_available,Juice Shop challenge [Ephemeral Accountant] demonstrates SQL_Injection (CWE-89) under Injection.,not_available,curl -s -X unknown 'http://localhost:3000/i?unknown='''%20OR%201=1--' | grep -v 'error' && echo 'Vulnerable' || echo 'Fixed',not_tested
juiceshop_0026,,Error Handling,Security_Misconfiguration,CWE-16,Low,Provoke an error that is neither very gracefully nor consistently handled.,/rest/products/search,q,GET,not_available,Juice Shop challenge [Error Handling] demonstrates Security_Misconfiguration (CWE-16) under Security Misconfiguration.,not_available,curl -s -X GET 'http://localhost:3000/rest/products/search',not_tested
juiceshop_0027,,Expired Coupon,Improper_Input_Validation,CWE-20,High,Successfully redeem an expired campaign coupon code.,unknown,unknown,unknown,not_available,Juice Shop challenge [Expired Coupon] demonstrates Improper_Input_Validation (CWE-20) under Improper Input Validation.,not_available,not_available,not_tested
juiceshop_0028,,Extra Language,Broken_Anti_Automation,CWE-799,Critical,Retrieve the language file that never made it into production.,/assets/i18n/tlh_AA.json,not_available,GET,not_available,Juice Shop challenge [Extra Language] demonstrates Broken_Anti_Automation (CWE-799) under Broken Anti Automation.,not_available,curl -s -X GET 'http://localhost:3000/assets/i18n/tlh_AA.json',not_tested
juiceshop_0029,,Five-Star Feedback,Broken_Access_Control,CWE-285,Medium,Get rid of all 5-star customer feedback.,unknown,unknown,unknown,not_available,Juice Shop challenge [Five-Star Feedback] demonstrates Broken_Access_Control (CWE-285) under Broken Access Control.,not_available,not_available,not_tested
juiceshop_0030,,Forged Coupon,Cryptographic_Issues,CWE-327,Critical,Forge a coupon code that gives you a discount of at least 80%.,/rest/basket/1/coupon,coupon,PUT,not_available,Juice Shop challenge [Forged Coupon] demonstrates Cryptographic_Issues (CWE-327) under Cryptographic Issues.,not_available,curl -s -X PUT 'http://localhost:3000/rest/basket/1/coupon',not_tested
juiceshop_0031,,Forged Feedback,Broken_Access_Control,CWE-285,Medium,Post some feedback in another user's name.,unknown,unknown,unknown,not_available,Juice Shop challenge [Forged Feedback] demonstrates Broken_Access_Control (CWE-285) under Broken Access Control.,not_available,not_available,not_tested
juiceshop_0032,,Forged Review,Broken_Access_Control,CWE-285,Medium,Post a product review as another user or edit any user's existing review.,/rest/products/reviews,message,PATCH,"export function updateProductReviews () {
  return (req: Request, res: Response, next: NextFunction) => {
    const user = security.authenticatedUsers.from(req)
    db.reviewsCollection.update(
      { _id: req.body.id },
      { $set: { message: req.body.message } },
      { multi: true }
    ).then(
      (result: { modified: number, original: Array<{ author: any }> }) => {
        res.json(result)
      }, (err: unknown) => {
        res.status(500).json(err)
      })
  }
}","Vulnerable code located at line(s) [3, 5]. Security Root Cause & Remediation: Setting the author on server-side based on the user retrieved from the authentication token in the HTTP request is the right call. It prevents users from just passing any author email they like along with the request.","export function updateProductReviews () {
  return (req: Request, res: Response, next: NextFunction) => {
    const user = security.authenticatedUsers.from(req)
    db.reviewsCollection.update(
      { _id: req.body.id, author: user.data.email },
      { $set: { message: req.body.message } },
      { multi: true }
    ).then(
      (result: { modified: number, original: Array<{ author: any }> }) => {
        res.json(result)
      }, (err: unknown) => {
        res.status(500).json(err)
      })
  }
}",curl -s -o /dev/null -w '%{http_code}' 'http://localhost:3000/rest/products/reviews' | grep -q '401\|403' && echo 'Fixed' || echo 'Vulnerable',not_tested
juiceshop_0033,,Forged Signed JWT,Vulnerable_Components,CWE-1395,Critical,Forge an almost properly RSA-signed JWT token that impersonates the (non-existing) user rsa_lord@juice-sh.op.,/rest/user/login,Authorization,GET,not_available,Juice Shop challenge [Forged Signed JWT] demonstrates Vulnerable_Components (CWE-1395) under Vulnerable Components.,not_available,curl -s -X GET 'http://localhost:3000/rest/user/login',not_tested
juiceshop_0034,,Forgotten Developer Backup,Sensitive_Data_Exposure,CWE-200,High,Access a developer's forgotten backup file.,/ftp/package.json.bak,not_available,GET,not_available,Juice Shop challenge [Forgotten Developer Backup] demonstrates Sensitive_Data_Exposure (CWE-200) under Sensitive Data Exposure.,not_available,curl -s 'http://localhost:3000/ftp/package.json.bak' | grep -q -E 'password|secret|key|admin' && echo 'Vulnerable' || echo 'Fixed',not_tested
juiceshop_0035,,Forgotten Sales Backup,Sensitive_Data_Exposure,CWE-200,High,Access a salesman's forgotten backup file.,/ftp/coupons_2013.md.bak,not_available,GET,not_available,Juice Shop challenge [Forgotten Sales Backup] demonstrates Sensitive_Data_Exposure (CWE-200) under Sensitive Data Exposure.,not_available,curl -s 'http://localhost:3000/ftp/coupons_2013.md.bak' | grep -q -E 'password|secret|key|admin' && echo 'Vulnerable' || echo 'Fixed',not_tested
juiceshop_0036,,Frontend Typosquatting,Vulnerable_Components,CWE-1395,Critical,Inform the shop about a typosquatting imposter that dug itself deep into the frontend. (Mention the exact name of the culprit),/#/contact,unknown,GET,not_available,Juice Shop challenge [Frontend Typosquatting] demonstrates Vulnerable_Components (CWE-1395) under Vulnerable Components.,not_available,curl -s -X GET 'http://localhost:3000/#/contact',not_tested
juiceshop_0037,,GDPR Data Erasure,Broken_Authentication,CWE-287,Medium,Log in with Chris' erased user account.,unknown,unknown,unknown,not_available,Juice Shop challenge [GDPR Data Erasure] demonstrates Broken_Authentication (CWE-287) under Broken Authentication.,not_available,not_available,not_tested
juiceshop_0038,,GDPR Data Theft,Sensitive_Data_Exposure,CWE-200,High,Steal someone else's personal data without using Injection.,unknown,unknown,unknown,not_available,Juice Shop challenge [GDPR Data Theft] demonstrates Sensitive_Data_Exposure (CWE-200) under Sensitive Data Exposure.,not_available,not_available,not_tested
juiceshop_0039,,HTTP-Header XSS,Cross_Site_Scripting,CWE-79,High,"Perform a persisted XSS attack with &lt;iframe src=""javascript:alert(`xss`)""&gt; through an HTTP header. (This challenge is potentially harmful on Docker!)",/i,unknown,unknown,not_available,Juice Shop challenge [HTTP-Header XSS] demonstrates Cross_Site_Scripting (CWE-79) under XSS.,not_available,curl -s -X unknown 'http://localhost:3000/i' -d 'unknown=<script>alert(1)</script>' | grep -q '<script>alert(1)</script>' && echo 'Vulnerable' || echo 'Fixed',not_tested
juiceshop_0040,,Imaginary Challenge,Cryptographic_Issues,CWE-327,Critical,"Solve challenge #999. Unfortunately, this challenge does not exist.",/rest/continue-code,code,PUT,not_available,Juice Shop challenge [Imaginary Challenge] demonstrates Cryptographic_Issues (CWE-327) under Cryptographic Issues.,not_available,curl -s -X PUT 'http://localhost:3000/rest/continue-code',not_tested
juiceshop_0041,,Leaked Access Logs,Observability_Failures,CWE-778,Critical,Dumpster dive the Internet for a leaked password and log in to the original user account it belongs to. (Creating a new account with the same password does not qualify as a solution.),/rest/user/login,password,POST,not_available,Juice Shop challenge [Leaked Access Logs] demonstrates Observability_Failures (CWE-778) under Observability Failures.,not_available,curl -s -X POST 'http://localhost:3000/rest/user/login',not_tested
juiceshop_0042,,Leaked Unsafe Product,Sensitive_Data_Exposure,CWE-200,High,Identify an unsafe product that was removed from the shop and inform the shop which ingredients are dangerous.,/#/contact,unknown,GET,not_available,Juice Shop challenge [Leaked Unsafe Product] demonstrates Sensitive_Data_Exposure (CWE-200) under Sensitive Data Exposure.,not_available,curl -s 'http://localhost:3000/#/contact' | grep -q -E 'password|secret|key|admin' && echo 'Vulnerable' || echo 'Fixed',not_tested
juiceshop_0043,,Legacy Typosquatting,Vulnerable_Components,CWE-1395,High,Inform the shop about a typosquatting trick it has been a victim of at least in v6.2.0-SNAPSHOT. (Mention the exact name of the culprit),/#/contact,unknown,GET,not_available,Juice Shop challenge [Legacy Typosquatting] demonstrates Vulnerable_Components (CWE-1395) under Vulnerable Components.,not_available,curl -s -X GET 'http://localhost:3000/#/contact',not_tested
juiceshop_0044,,Login Admin,SQL_Injection,CWE-89,Medium,Log in with the administrator's user account.,/rest/user/login,email,POST,"export function login () {
  function afterLogin (user: User, res: Response, next: NextFunction) {
    BasketModel.findOrCreate({ where: { UserId: user.id } })
      .then(([basket]: [BasketModel, boolean]) => {
        const authenticatedUser = { data: user, bid: basket.id } // keep track of original basket
        const token = security.authorize(authenticatedUser)
        security.authenticatedUsers.put(token, authenticatedUser)
        res.json({ authentication: { token, bid: basket.id, umail: user.email } })
      }).catch((error: Error) => {
        next(error)
      })
  }

  return (req: Request, res: Response, next: NextFunction) => {
    models.sequelize.query(`SELECT * FROM Users WHERE email = '${req.body.email || ''}' AND password = '${security.hash(req.body.password || '')}' AND deletedAt IS NULL`, { model: UserModel, plain: true })
      .then((authenticatedUser) => {
        const user = utils.queryResultToJson(authenticatedUser)
        if (user.data?.id && user.data.totpSecret !== '') {
          res.status(401).json({
            status: 'totp_token_required',
            data: {
              tmpToken: security.authorize({
                userId: user.data.id,
                type: 'password_valid_needs_second_factor_token'
              })
            }
          })
        } else if (user.data?.id) {
          afterLogin(user.data, res, next)
        } else {
          res.status(401).send(res.__('Invalid email or password.'))
        }
      }).catch((error: Error) => {
        next(error)
      })
  }","Vulnerable code located at line(s) [15]. Security Root Cause & Remediation: Using the built-in binding (or replacement) mechanism of Sequelize is equivalent to creating a Prepared Statement. This prevents tampering with the query syntax through malicious user input as it is ""set in stone"" before the criteria parameter is inserted.","export function login () {
  function afterLogin (user: User, res: Response, next: NextFunction) {
    BasketModel.findOrCreate({ where: { UserId: user.id } })
      .then(([basket]: [BasketModel, boolean]) => {
        const authenticatedUser = { data: user, bid: basket.id } // keep track of original basket
        const token = security.authorize(authenticatedUser)
        security.authenticatedUsers.put(token, authenticatedUser)
        res.json({ authentication: { token, bid: basket.id, umail: user.email } })
      }).catch((error: Error) => {
        next(error)
      })
  }

  return (req: Request, res: Response, next: NextFunction) => {
    models.sequelize.query(`SELECT * FROM Users WHERE email = $1 AND password = $2 AND deletedAt IS NULL`,
      { bind: [ req.body.email, security.hash(req.body.password) ], model: models.User, plain: true })
      .then((authenticatedUser) => {
        const user = utils.queryResultToJson(authenticatedUser)
        if (user.data?.id && user.data.totpSecret !== '') {
          res.status(401).json({
            status: 'totp_token_required',
            data: {
              tmpToken: security.authorize({
                userId: user.data.id,
                type: 'password_valid_needs_second_factor_token'
              })
            }
          })
        } else if (user.data?.id) {
          afterLogin(user.data, res, next)
        } else {
          res.status(401).send(res.__('Invalid email or password.'))
        }
      }).catch((error: Error) => {
        next(error)
      })
  }",curl -s -X POST 'http://localhost:3000/rest/user/login?email='''%20OR%201=1--' | grep -v 'error' && echo 'Vulnerable' || echo 'Fixed',not_tested
juiceshop_0045,,Login Amy,Sensitive_Data_Exposure,CWE-200,Medium,"Log in with Amy's original user credentials. (This could take 93.83 billion trillion trillion centuries to brute force, but luckily she did not read the ""One Important Final Note"")",unknown,unknown,unknown,not_available,Juice Shop challenge [Login Amy] demonstrates Sensitive_Data_Exposure (CWE-200) under Sensitive Data Exposure.,not_available,not_available,not_tested
juiceshop_0046,,Login Bender,SQL_Injection,CWE-89,Medium,Log in with Bender's user account.,/rest/user/login,email,POST,"export function login () {
  function afterLogin (user: User, res: Response, next: NextFunction) {
    BasketModel.findOrCreate({ where: { UserId: user.id } })
      .then(([basket]: [BasketModel, boolean]) => {
        const authenticatedUser = { data: user, bid: basket.id } // keep track of original basket
        const token = security.authorize(authenticatedUser)
        security.authenticatedUsers.put(token, authenticatedUser)
        res.json({ authentication: { token, bid: basket.id, umail: user.email } })
      }).catch((error: Error) => {
        next(error)
      })
  }

  return (req: Request, res: Response, next: NextFunction) => {
    models.sequelize.query(`SELECT * FROM Users WHERE email = '${req.body.email || ''}' AND password = '${security.hash(req.body.password || '')}' AND deletedAt IS NULL`, { model: UserModel, plain: true })
      .then((authenticatedUser) => {
        const user = utils.queryResultToJson(authenticatedUser)
        if (user.data?.id && user.data.totpSecret !== '') {
          res.status(401).json({
            status: 'totp_token_required',
            data: {
              tmpToken: security.authorize({
                userId: user.data.id,
                type: 'password_valid_needs_second_factor_token'
              })
            }
          })
        } else if (user.data?.id) {
          afterLogin(user.data, res, next)
        } else {
          res.status(401).send(res.__('Invalid email or password.'))
        }
      }).catch((error: Error) => {
        next(error)
      })
  }","Vulnerable code located at line(s) [15]. Security Root Cause & Remediation: Using the built-in binding (or replacement) mechanism of Sequelize is equivalent to creating a Prepared Statement. This prevents tampering with the query syntax through malicious user input as it is ""set in stone"" before the criteria parameter is inserted.","export function login () {
  function afterLogin (user: User, res: Response, next: NextFunction) {
    BasketModel.findOrCreate({ where: { UserId: user.id } })
      .then(([basket]: [BasketModel, boolean]) => {
        const authenticatedUser = { data: user, bid: basket.id } // keep track of original basket
        const token = security.authorize(authenticatedUser)
        security.authenticatedUsers.put(token, authenticatedUser)
        res.json({ authentication: { token, bid: basket.id, umail: user.email } })
      }).catch((error: Error) => {
        next(error)
      })
  }

  return (req: Request, res: Response, next: NextFunction) => {
    models.sequelize.query(`SELECT * FROM Users WHERE email = $mail AND password = $pass AND deletedAt IS NULL`,
      { bind: { mail: req.body.email, pass: security.hash(req.body.password) }, model: models.User, plain: true })
      .then((authenticatedUser) => {
        const user = utils.queryResultToJson(authenticatedUser)
        if (user.data?.id && user.data.totpSecret !== '') {
          res.status(401).json({
            status: 'totp_token_required',
            data: {
              tmpToken: security.authorize({
                userId: user.data.id,
                type: 'password_valid_needs_second_factor_token'
              })
            }
          })
        } else if (user.data?.id) {
          afterLogin(user.data, res, next)
        } else {
          res.status(401).send(res.__('Invalid email or password.'))
        }
      }).catch((error: Error) => {
        next(error)
      })
  }",curl -s -X POST 'http://localhost:3000/rest/user/login?email='''%20OR%201=1--' | grep -v 'error' && echo 'Vulnerable' || echo 'Fixed',not_tested
juiceshop_0047,,Login Bjoern,Broken_Authentication,CWE-287,High,"Log in with Bjoern's Gmail account without previously changing his password, applying SQL Injection, or hacking his Google account.",/i,unknown,unknown,not_available,Juice Shop challenge [Login Bjoern] demonstrates Broken_Authentication (CWE-287) under Broken Authentication.,not_available,curl -s -X unknown 'http://localhost:3000/i',not_tested
juiceshop_0048,,Login Jim,SQL_Injection,CWE-89,Medium,Log in with Jim's user account.,/rest/user/login,email,POST,"export function login () {
  function afterLogin (user: User, res: Response, next: NextFunction) {
    BasketModel.findOrCreate({ where: { UserId: user.id } })
      .then(([basket]: [BasketModel, boolean]) => {
        const authenticatedUser = { data: user, bid: basket.id } // keep track of original basket
        const token = security.authorize(authenticatedUser)
        security.authenticatedUsers.put(token, authenticatedUser)
        res.json({ authentication: { token, bid: basket.id, umail: user.email } })
      }).catch((error: Error) => {
        next(error)
      })
  }

  return (req: Request, res: Response, next: NextFunction) => {
    models.sequelize.query(`SELECT * FROM Users WHERE email = '${req.body.email || ''}' AND password = '${security.hash(req.body.password || '')}' AND deletedAt IS NULL`, { model: UserModel, plain: true })
      .then((authenticatedUser) => {
        const user = utils.queryResultToJson(authenticatedUser)
        if (user.data?.id && user.data.totpSecret !== '') {
          res.status(401).json({
            status: 'totp_token_required',
            data: {
              tmpToken: security.authorize({
                userId: user.data.id,
                type: 'password_valid_needs_second_factor_token'
              })
            }
          })
        } else if (user.data?.id) {
          afterLogin(user.data, res, next)
        } else {
          res.status(401).send(res.__('Invalid email or password.'))
        }
      }).catch((error: Error) => {
        next(error)
      })
  }","Vulnerable code located at line(s) [15]. Security Root Cause & Remediation: Using the built-in binding (or replacement) mechanism of Sequelize is equivalent to creating a Prepared Statement. This prevents tampering with the query syntax through malicious user input as it is ""set in stone"" before the criteria parameter is inserted.","export function login () {
  function afterLogin (user: User, res: Response, next: NextFunction) {
    BasketModel.findOrCreate({ where: { UserId: user.id } })
      .then(([basket]: [BasketModel, boolean]) => {
        const authenticatedUser = { data: user, bid: basket.id } // keep track of original basket
        const token = security.authorize(authenticatedUser)
        security.authenticatedUsers.put(token, authenticatedUser)
        res.json({ authentication: { token, bid: basket.id, umail: user.email } })
      }).catch((error: Error) => {
        next(error)
      })
  }

  return (req: Request, res: Response, next: NextFunction) => {
    models.sequelize.query(`SELECT * FROM Users WHERE email = $1 AND password = $2 AND deletedAt IS NULL`,
      { bind: [ req.body.email, security.hash(req.body.password) ], model: models.User, plain: true })
      .then((authenticatedUser) => {
        const user = utils.queryResultToJson(authenticatedUser)
        if (user.data?.id && user.data.totpSecret !== '') {
          res.status(401).json({
            status: 'totp_token_required',
            data: {
              tmpToken: security.authorize({
                userId: user.data.id,
                type: 'password_valid_needs_second_factor_token'
              })
            }
          })
        } else if (user.data?.id) {
          afterLogin(user.data, res, next)
        } else {
          res.status(401).send(res.__('Invalid email or password.'))
        }
      }).catch((error: Error) => {
        next(error)
      })
  }",curl -s -X POST 'http://localhost:3000/rest/user/login?email='''%20OR%201=1--' | grep -v 'error' && echo 'Vulnerable' || echo 'Fixed',not_tested
juiceshop_0049,,Login MC SafeSearch,Sensitive_Data_Exposure,CWE-200,Low,Log in with MC SafeSearch's original user credentials without applying SQL Injection or any other bypass.,unknown,unknown,unknown,not_available,Juice Shop challenge [Login MC SafeSearch] demonstrates Sensitive_Data_Exposure (CWE-200) under Sensitive Data Exposure.,not_available,not_available,not_tested
juiceshop_0050,,Login Support Team,Security_Misconfiguration,CWE-16,Critical,Log in with the support team's original user credentials without applying SQL Injection or any other bypass.,unknown,unknown,unknown,not_available,Juice Shop challenge [Login Support Team] demonstrates Security_Misconfiguration (CWE-16) under Security Misconfiguration.,not_available,not_available,not_tested
juiceshop_0051,,Manipulate Basket,Broken_Access_Control,CWE-285,Medium,Put an additional product into another user's shopping basket.,unknown,unknown,unknown,not_available,Juice Shop challenge [Manipulate Basket] demonstrates Broken_Access_Control (CWE-285) under Broken Access Control.,not_available,not_available,not_tested
juiceshop_0052,,Misplaced Signature File,Observability_Failures,CWE-778,High,Access a misplaced SIEM signature file.,/ftp/suspicious_orders.doc,not_available,GET,not_available,Juice Shop challenge [Misplaced Signature File] demonstrates Observability_Failures (CWE-778) under Observability Failures.,not_available,curl -s -X GET 'http://localhost:3000/ftp/suspicious_orders.doc',not_tested
juiceshop_0053,,Multiple Likes,Broken_Anti_Automation,CWE-799,Critical,Like any review at least three times as the same user.,unknown,unknown,unknown,not_available,Juice Shop challenge [Multiple Likes] demonstrates Broken_Anti_Automation (CWE-799) under Broken Anti Automation.,not_available,not_available,not_tested
juiceshop_0054,,Nested Easter Egg,Cryptographic_Issues,CWE-327,High,Apply some advanced cryptanalysis to find the real easter egg.,/the/devs/are/so/funny/they/forgot/about/this/easter/egg,not_available,GET,not_available,Juice Shop challenge [Nested Easter Egg] demonstrates Cryptographic_Issues (CWE-327) under Cryptographic Issues.,not_available,curl -s -X GET 'http://localhost:3000/the/devs/are/so/funny/they/forgot/about/this/easter/egg',not_tested
juiceshop_0055,,NoSQL DoS,NoSQL_Injection,CWE-943,High,Let the server sleep for some time. (It has done more than enough hard work for you) (This challenge is potentially harmful on Docker!),/strong,unknown,unknown,not_available,Juice Shop challenge [NoSQL DoS] demonstrates NoSQL_Injection (CWE-943) under Injection.,not_available,curl -s -X unknown 'http://localhost:3000/strong',not_tested
juiceshop_0056,,NoSQL Exfiltration,NoSQL_Injection,CWE-943,Critical,All your orders are belong to us! Even the ones which don't. (This challenge is potentially harmful on Docker!),/rest/track-order/:id,id,GET,not_available,Juice Shop challenge [NoSQL Exfiltration] demonstrates NoSQL_Injection (CWE-943) under Injection.,not_available,curl -s -X GET 'http://localhost:3000/rest/track-order/:id',not_tested
juiceshop_0057,,NoSQL Manipulation,NoSQL_Injection,CWE-943,High,Update multiple product reviews at the same time.,/rest/products/reviews,id,PATCH,"export function updateProductReviews () {
  return (req: Request, res: Response, next: NextFunction) => {
    const user = security.authenticatedUsers.from(req)
    db.reviewsCollection.update(
      { _id: req.body.id },
      { $set: { message: req.body.message } },
      { multi: true }
    ).then(
      (result: { modified: number, original: Array<{ author: any }> }) => {
        res.json(result)
      }, (err: unknown) => {
        res.status(500).json(err)
      })
  }
}","Vulnerable code located at line(s) [5, 7]. Security Root Cause & Remediation: Removing the option to update multiple documents at once combined with only allowing plain strings in the ID parameter is the right call. This will prevent any attacker from injecting their own JSON payload to manipulate the query in their favor.","export function updateProductReviews () {
  return (req: Request, res: Response, next: NextFunction) => {
    const user = security.authenticatedUsers.from(req)

    if (typeof req.body.id !== 'string') {
      res.status(400).send()
      return
    }

    db.reviewsCollection.update(
      { _id: req.body.id },
      { $set: { message: req.body.message } }
    ).then(
      (result: { modified: number, original: Array<{ author: any }> }) => {
        res.json(result)
      }, (err: unknown) => {
        res.status(500).json(err)
      })
  }
}",curl -s -X PATCH 'http://localhost:3000/rest/products/reviews',not_tested
juiceshop_0058,,Outdated Allowlist,Unvalidated_Redirects,CWE-601,Low,Let us redirect you to one of our crypto currency addresses which are not promoted any longer.,/redirect,to,GET,"export const redirectAllowlist = new Set([
  'https://github.com/juice-shop/juice-shop',
  'https://blockchain.info/address/1AbKfgvw9psQ41NbLi8kufDQTezwG8DRZm',
  'https://explorer.dash.org/address/Xr556RzuwX6hg5EGpkybbv5RanJoZN17kW',
  'https://etherscan.io/address/0x0f933ab9fcaaa782d0279c300d73750e1311eae6',
  'http://shop.spreadshirt.com/juiceshop',
  'http://shop.spreadshirt.de/juiceshop',
  'https://www.stickeryou.com/products/owasp-juice-shop/794',
  'http://leanpub.com/juice-shop'
])

export const isRedirectAllowed = (url: string) => {
  let allowed = false
  for (const allowedUrl of redirectAllowlist) {
    allowed = allowed || url.includes(allowedUrl)
  }
  return allowed
}","Vulnerable code located at line(s) [3, 4, 5]. Security Root Cause & Remediation: When cleaning up any allow list of deprecated entries, it is crucial to be thorough and re-check the list regularly. Otherwise allow lists tend to become weaker over time.","export const redirectAllowlist = new Set([
  'https://github.com/juice-shop/juice-shop',
  'http://shop.spreadshirt.com/juiceshop',
  'http://shop.spreadshirt.de/juiceshop',
  'https://www.stickeryou.com/products/owasp-juice-shop/794',
  'http://leanpub.com/juice-shop'
])

export const isRedirectAllowed = (url: string) => {
  let allowed = false
  for (const allowedUrl of redirectAllowlist) {
    allowed = allowed || url.includes(allowedUrl)
  }
  return allowed
}",curl -s -X GET 'http://localhost:3000/redirect',not_tested
juiceshop_0059,,Password Strength,Broken_Authentication,CWE-287,Medium,Log in with the administrator's user credentials without previously changing them or applying SQL Injection.,/rest/user/login,password,POST,"User.init(
      password: {
        type: DataTypes.STRING,
        set (clearTextPassword: string) {
          this.setDataValue('password', security.hash(clearTextPassword))
        }
      },","Vulnerable code located at line(s) [5]. Security Root Cause & Remediation: According to NIST-800-63B, passwords (Memorized Secrets) should have at least eight characters to prevent 'online attacks'. Furthermore, NIST-800-63B requires that passwords don't appear in common dictionaries. If you want to have more fun with secrets, check out OWASP Wrong Secrets at https://www.wrongsecrets.com, specially challenge 16 and 23.","User.init(
      password: {
        type: DataTypes.STRING,
        set (clearTextPassword: string) {
          validatePasswordHasAtLeastTenChar(clearTextPassword)
          validatePasswordIsNotInTopOneMillionCommonPasswordsList(clearTextPassword)
          this.setDataValue('password', security.hash(clearTextPassword))
        }
      },",curl -s -X POST 'http://localhost:3000/rest/user/login',not_tested
juiceshop_0060,,Payback Time,Improper_Input_Validation,CWE-20,Medium,Place an order that makes you rich.,unknown,unknown,unknown,not_available,Juice Shop challenge [Payback Time] demonstrates Improper_Input_Validation (CWE-20) under Improper Input Validation.,not_available,not_available,not_tested
juiceshop_0061,,Premium Paywall,Cryptographic_Issues,CWE-327,Critical,💎💎💎💎💎 ₿ Unlock Premium Challenge to access exclusive content.,/KRTPQPidTuJ7FR,unknown,unknown,not_available,Juice Shop challenge [Premium Paywall] demonstrates Cryptographic_Issues (CWE-327) under Cryptographic Issues.,not_available,curl -s -X unknown 'http://localhost:3000/KRTPQPidTuJ7FR',not_tested
juiceshop_0062,,Privacy Policy,Miscellaneous_Security_Flaw,CWE-699,Low,Read our privacy policy.,/#/privacy-security/privacy-policy,not_available,GET,not_available,Juice Shop challenge [Privacy Policy] demonstrates Miscellaneous_Security_Flaw (CWE-699) under Miscellaneous.,not_available,curl -s -X GET 'http://localhost:3000/#/privacy-security/privacy-policy',not_tested
juiceshop_0063,,Privacy Policy Inspection,Security_through_Obscurity,CWE-656,Medium,Prove that you actually read our privacy policy.,/rest/user/privacy-security/privacy-policy,not_available,GET,not_available,Juice Shop challenge [Privacy Policy Inspection] demonstrates Security_through_Obscurity (CWE-656) under Security through Obscurity.,not_available,curl -s -X GET 'http://localhost:3000/rest/user/privacy-security/privacy-policy',not_tested
juiceshop_0064,,Product Tampering,Broken_Access_Control,CWE-285,Medium,Change the href of the link within the OWASP SSL Advanced Forensic Tool (O-Saft) product description into https://owasp.slack.com.,/api/Products/1,description,PUT,"/** Authorization **/
  /* Baskets: Unauthorized users are not allowed to access baskets */
  app.use('/rest/basket', security.isAuthorized(), security.appendUserId())
  /* BasketItems: API only accessible for authenticated users */
  app.use('/api/BasketItems', security.isAuthorized())
  app.use('/api/BasketItems/:id', security.isAuthorized())
  /* Feedbacks: GET allowed for feedback carousel, POST allowed in order to provide feedback without being logged in */
  app.use('/api/Feedbacks/:id', security.isAuthorized())
  /* Users: Only POST is allowed in order to register a new user */
  app.get('/api/Users', security.isAuthorized())
  app.route('/api/Users/:id')
    .get(security.isAuthorized())
    .put(security.denyAll())
    .delete(security.denyAll())
  /* Products: Only GET is allowed in order to view products */
  app.post('/api/Products', security.isAuthorized())
  // app.put('/api/Products/:id', security.isAuthorized())
  app.delete('/api/Products/:id', security.denyAll())
  /* Challenges: GET list of challenges allowed. Everything else forbidden entirely */
  app.post('/api/Challenges', security.denyAll())
  app.use('/api/Challenges/:id', security.denyAll())
  /* Hints: GET and PUT hints allowed. Everything else forbidden */
  app.post('/api/Hints', security.denyAll())
  app.route('/api/Hints/:id')
    .get(security.denyAll())
    .delete(security.denyAll())
  /* Complaints: POST and GET allowed when logged in only */
  app.get('/api/Complaints', security.isAuthorized())
  app.post('/api/Complaints', security.isAuthorized())
  app.use('/api/Complaints/:id', security.denyAll())
  /* Recycles: POST and GET allowed when logged in only */
  app.get('/api/Recycles', recycles.blockRecycleItems())
  app.post('/api/Recycles', security.isAuthorized())
  /* Challenge evaluation before finale takes over */
  app.get('/api/Recycles/:id', recycles.getRecycleItem())
  app.put('/api/Recycles/:id', security.denyAll())
  app.delete('/api/Recycles/:id', security.denyAll())
  /* SecurityQuestions: Only GET list of questions allowed. */
  app.post('/api/SecurityQuestions', security.denyAll())
  app.use('/api/SecurityQuestions/:id', security.denyAll())
  /* SecurityAnswers: Only POST of answer allowed. */
  app.get('/api/SecurityAnswers', security.denyAll())
  app.use('/api/SecurityAnswers/:id', security.denyAll())
  /* REST API */
  app.use('/rest/user/authentication-details', security.isAuthorized())
  app.use('/rest/basket/:id', security.isAuthorized())
  app.use('/rest/basket/:id/order', security.isAuthorized())
  app.post('/api/Users', verify.emptyUserRegistration())
  /* Unauthorized users are not allowed to access B2B API */
  app.use('/b2b/v2', security.isAuthorized())
  /* Check if the quantity is available in stock and limit per user not exceeded, then add item to basket */
  app.put('/api/BasketItems/:id', security.appendUserId(), utils.asyncHandler(basketItems.quantityCheckBeforeBasketItemUpdate()))
  app.post('/api/BasketItems', security.appendUserId(), utils.asyncHandler(basketItems.quantityCheckBeforeBasketItemAddition()), utils.asyncHandler(basketItems.addBasketItem()))
  /* Accounting users are allowed to check and update quantities */
  app.delete('/api/Quantitys/:id', security.denyAll())
  app.post('/api/Quantitys', security.denyAll())
  app.use('/api/Quantitys/:id', security.isAccounting(), IpFilter(['123.456.789'], { mode: 'allow' }))
  /* Feedbacks: Do not allow changes of existing feedback */
  app.put('/api/Feedbacks/:id', security.denyAll())
  /* PrivacyRequests: Only allowed for authenticated users */
  app.use('/api/PrivacyRequests', security.isAuthorized())
  app.use('/api/PrivacyRequests/:id', security.isAuthorized())
  /* PaymentMethodRequests: Only allowed for authenticated users */
  app.post('/api/Cards', security.appendUserId())
  app.get('/api/Cards', security.appendUserId(), utils.asyncHandler(payment.getPaymentMethods()))
  app.put('/api/Cards/:id', security.denyAll())
  app.delete('/api/Cards/:id', security.appendUserId(), utils.asyncHandler(payment.delPaymentMethodById()))
  app.get('/api/Cards/:id', security.appendUserId(), utils.asyncHandler(payment.getPaymentMethodById()))
  /* PrivacyRequests: Only POST allowed for authenticated users */
  app.post('/api/PrivacyRequests', security.isAuthorized())
  app.get('/api/PrivacyRequests', security.denyAll())
  app.use('/api/PrivacyRequests/:id', security.denyAll())

  app.post('/api/Addresss', security.appendUserId())
  app.get('/api/Addresss', security.appendUserId(), utils.asyncHandler(address.getAddress()))
  app.put('/api/Addresss/:id', security.appendUserId())
  app.delete('/api/Addresss/:id', security.appendUserId(), utils.asyncHandler(address.delAddressById()))
  app.get('/api/Addresss/:id', security.appendUserId(), utils.asyncHandler(address.getAddressById()))
  app.get('/api/Deliverys', utils.asyncHandler(delivery.getDeliveryMethods()))
  app.get('/api/Deliverys/:id', utils.asyncHandler(delivery.getDeliveryMethod()))",Vulnerable code located at line(s) [17]. Security Root Cause & Remediation: Disabling all HTTP verbs other than GET for the products API is indeed the only safe way to implement secure access control. Shop administrators should not use the customer facing web UI to manage the store's inventory anyway.,"/** Authorization **/
  /* Baskets: Unauthorized users are not allowed to access baskets */
  app.use('/rest/basket', security.isAuthorized(), security.appendUserId())
  /* BasketItems: API only accessible for authenticated users */
  app.use('/api/BasketItems', security.isAuthorized())
  app.use('/api/BasketItems/:id', security.isAuthorized())
  /* Feedbacks: GET allowed for feedback carousel, POST allowed in order to provide feedback without being logged in */
  app.use('/api/Feedbacks/:id', security.isAuthorized())
  /* Users: Only POST is allowed in order to register a new user */
  app.get('/api/Users', security.isAuthorized())
  app.route('/api/Users/:id')
    .get(security.isAuthorized())
    .put(security.denyAll())
    .delete(security.denyAll())
  /* Products: Only GET is allowed in order to view products */
  app.post('/api/Products', security.denyAll())
  app.put('/api/Products/:id', security.denyAll())
  app.delete('/api/Products/:id', security.denyAll())
  /* Challenges: GET list of challenges allowed. Everything else forbidden entirely */
  app.post('/api/Challenges', security.denyAll())
  app.use('/api/Challenges/:id', security.denyAll())
  /* Hints: GET and PUT hints allowed. Everything else forbidden */
  app.post('/api/Hints', security.denyAll())
  app.route('/api/Hints/:id')
    .get(security.denyAll())
    .delete(security.denyAll())
  /* Complaints: POST and GET allowed when logged in only */
  app.get('/api/Complaints', security.isAuthorized())
  app.post('/api/Complaints', security.isAuthorized())
  app.use('/api/Complaints/:id', security.denyAll())
  /* Recycles: POST and GET allowed when logged in only */
  app.get('/api/Recycles', recycles.blockRecycleItems())
  app.post('/api/Recycles', security.isAuthorized())
  /* Challenge evaluation before finale takes over */
  app.get('/api/Recycles/:id', recycles.getRecycleItem())
  app.put('/api/Recycles/:id', security.denyAll())
  app.delete('/api/Recycles/:id', security.denyAll())
  /* SecurityQuestions: Only GET list of questions allowed. */
  app.post('/api/SecurityQuestions', security.denyAll())
  app.use('/api/SecurityQuestions/:id', security.denyAll())
  /* SecurityAnswers: Only POST of answer allowed. */
  app.get('/api/SecurityAnswers', security.denyAll())
  app.use('/api/SecurityAnswers/:id', security.denyAll())
  /* REST API */
  app.use('/rest/user/authentication-details', security.isAuthorized())
  app.use('/rest/basket/:id', security.isAuthorized())
  app.use('/rest/basket/:id/order', security.isAuthorized())
  /* Unauthorized users are not allowed to access B2B API */
  app.use('/b2b/v2', security.isAuthorized())
  /* Check if the quantity is available in stock and limit per user not exceeded, then add item to basket */
  app.put('/api/BasketItems/:id', security.appendUserId(), utils.asyncHandler(basketItems.quantityCheckBeforeBasketItemUpdate()))
  app.post('/api/BasketItems', security.appendUserId(), utils.asyncHandler(basketItems.quantityCheckBeforeBasketItemAddition()), utils.asyncHandler(basketItems.addBasketItem()))
  /* Accounting users are allowed to check and update quantities */
  app.delete('/api/Quantitys/:id', security.denyAll())
  app.post('/api/Quantitys', security.denyAll())
  app.use('/api/Quantitys/:id', security.isAccounting(), IpFilter(['123.456.789'], { mode: 'allow' }))
  /* Feedbacks: Do not allow changes of existing feedback */
  app.put('/api/Feedbacks/:id', security.denyAll())
  /* PrivacyRequests: Only allowed for authenticated users */
  app.use('/api/PrivacyRequests', security.isAuthorized())
  app.use('/api/PrivacyRequests/:id', security.isAuthorized())
  /* PaymentMethodRequests: Only allowed for authenticated users */
  app.post('/api/Cards', security.appendUserId())
  app.get('/api/Cards', security.appendUserId(), utils.asyncHandler(payment.getPaymentMethods()))
  app.put('/api/Cards/:id', security.denyAll())
  app.delete('/api/Cards/:id', security.appendUserId(), utils.asyncHandler(payment.delPaymentMethodById()))
  app.get('/api/Cards/:id', security.appendUserId(), utils.asyncHandler(payment.getPaymentMethodById()))
  /* PrivacyRequests: Only POST allowed for authenticated users */
  app.post('/api/PrivacyRequests', security.isAuthorized())
  app.get('/api/PrivacyRequests', security.denyAll())
  app.use('/api/PrivacyRequests/:id', security.denyAll())

  app.post('/api/Addresss', security.appendUserId())
  app.get('/api/Addresss', security.appendUserId(), utils.asyncHandler(address.getAddress()))
  app.put('/api/Addresss/:id', security.appendUserId())
  app.delete('/api/Addresss/:id', security.appendUserId(), utils.asyncHandler(address.delAddressById()))
  app.get('/api/Addresss/:id', security.appendUserId(), utils.asyncHandler(address.getAddressById()))
  app.get('/api/Deliverys', utils.asyncHandler(delivery.getDeliveryMethods()))
  app.get('/api/Deliverys/:id', utils.asyncHandler(delivery.getDeliveryMethod()))",curl -s -o /dev/null -w '%{http_code}' 'http://localhost:3000/api/Products/1' | grep -q '401\|403' && echo 'Fixed' || echo 'Vulnerable',not_tested
juiceshop_0065,,Reflected XSS,Cross_Site_Scripting,CWE-79,Low,"Perform a reflected XSS attack with &lt;iframe src=""javascript:alert(`xss`)""&gt;. (This challenge is potentially harmful on Docker!)",/#/track-result,id,GET,not_available,Juice Shop challenge [Reflected XSS] demonstrates Cross_Site_Scripting (CWE-79) under XSS.,not_available,curl -s -X GET 'http://localhost:3000/#/track-result' -d 'id=<script>alert(1)</script>' | grep -q '<script>alert(1)</script>' && echo 'Vulnerable' || echo 'Fixed',not_tested
juiceshop_0066,,Repetitive Registration,Improper_Input_Validation,CWE-20,Low,Follow the DRY principle while registering a user.,unknown,unknown,unknown,not_available,Juice Shop challenge [Repetitive Registration] demonstrates Improper_Input_Validation (CWE-20) under Improper Input Validation.,not_available,not_available,not_tested
juiceshop_0067,,Reset Bender's Password,Broken_Authentication,CWE-287,High,Reset Bender's password via the Forgot Password mechanism with the original answer to his security question.,/rest/user/reset-password,answer,POST,"-
  question: 'Your eldest siblings middle name?'
-
  question: ""Mother's maiden name?""
-
  question: ""Mother's birth date? (MM/DD/YY)""
-
  question: ""Father's birth date? (MM/DD/YY)""
-
  question: ""Maternal grandmother's first name?""
-
  question: ""Paternal grandmother's first name?""
-
  question: 'Name of your favorite pet?'
-
  question: ""Last name of dentist when you were a teenager? (Do not include 'Dr.')""
-
  question: 'Your ZIP/postal code when you were a teenager?'
-
  question: 'Company you first work for as an adult?'
-
  question: 'Your favorite book?'
-
  question: 'Your favorite movie?'
-
  question: 'Number of one of your customer or ID cards?'
-
  question: ""What's your favorite place to go hiking?""","Vulnerable code located at line(s) [20]. Security Root Cause & Remediation: When answered truthfully, all security questions are susceptible to online research (on Facebook, LinkedIn etc.) and often even brute force. If at all, they should not be used as the only factor for a security-relevant function.","# Provide password reset option via a one-time link with
# short expiration span to registered email address instead
# of allowing reset on-the-fly by answering a security
# question.",curl -s -X POST 'http://localhost:3000/rest/user/reset-password',not_tested
juiceshop_0068,,Reset Bjoern's Password,Broken_Authentication,CWE-287,Critical,Reset the password of Bjoern's internal account via the Forgot Password mechanism with the original answer to his security question.,/rest/user/reset-password,answer,POST,"-
  question: 'Your eldest siblings middle name?'
-
  question: ""Mother's maiden name?""
-
  question: ""Mother's birth date? (MM/DD/YY)""
-
  question: ""Father's birth date? (MM/DD/YY)""
-
  question: ""Maternal grandmother's first name?""
-
  question: ""Paternal grandmother's first name?""
-
  question: 'Name of your favorite pet?'
-
  question: ""Last name of dentist when you were a teenager? (Do not include 'Dr.')""
-
  question: 'Your ZIP/postal code when you were a teenager?'
-
  question: 'Company you first work for as an adult?'
-
  question: 'Your favorite book?'
-
  question: 'Your favorite movie?'
-
  question: 'Number of one of your customer or ID cards?'
-
  question: ""What's your favorite place to go hiking?""","Vulnerable code located at line(s) [18]. Security Root Cause & Remediation: When answered truthfully, all security questions are susceptible to online research (on Facebook, LinkedIn etc.) and often even brute force. If at all, they should not be used as the only factor for a security-relevant function.","# Provide password reset option via a one-time link with
# short expiration span to registered email address instead
# of allowing reset on-the-fly by answering a security
# question.",curl -s -X POST 'http://localhost:3000/rest/user/reset-password',not_tested
juiceshop_0069,,Reset Jim's Password,Broken_Authentication,CWE-287,Medium,Reset Jim's password via the Forgot Password mechanism with the original answer to his security question.,/rest/user/reset-password,answer,POST,"-
  question: 'Your eldest siblings middle name?'
-
  question: ""Mother's maiden name?""
-
  question: ""Mother's birth date? (MM/DD/YY)""
-
  question: ""Father's birth date? (MM/DD/YY)""
-
  question: ""Maternal grandmother's first name?""
-
  question: ""Paternal grandmother's first name?""
-
  question: 'Name of your favorite pet?'
-
  question: ""Last name of dentist when you were a teenager? (Do not include 'Dr.')""
-
  question: 'Your ZIP/postal code when you were a teenager?'
-
  question: 'Company you first work for as an adult?'
-
  question: 'Your favorite book?'
-
  question: 'Your favorite movie?'
-
  question: 'Number of one of your customer or ID cards?'
-
  question: ""What's your favorite place to go hiking?""","Vulnerable code located at line(s) []. Security Root Cause & Remediation: When answered truthfully, all security questions are susceptible to online research (on Facebook, LinkedIn etc.) and often even brute force. If at all, they should not be used as the only factor for a security-relevant function.","# Provide password reset option via a one-time link with
# short expiration span to registered email address instead
# of allowing reset on-the-fly by answering a security
# question.",curl -s -X POST 'http://localhost:3000/rest/user/reset-password',not_tested
juiceshop_0070,,Reset Morty's Password,Broken_Anti_Automation,CWE-799,Critical,Reset Morty's password via the Forgot Password mechanism with his obfuscated answer to his security question.,/rest/user/reset-password,answer,POST,"/* Rate limiting */
  app.enable('trust proxy')
  app.use('/rest/user/reset-password', rateLimit({
    windowMs: 5 * 60 * 1000,
    max: 100,
    keyGenerator ({ headers, ip }: { headers: any, ip: any }) { return headers['X-Forwarded-For'] ?? ip }
  }))","Vulnerable code located at line(s) [6]. Security Root Cause & Remediation: Removing the custom key generator that lets an arbitrary HTTP header take precedence over the client IP is the best option here. Now an attacker at least needs to fake their actual IP to bypass the rate limiting, as this is the default key for the RateLimit module used here. There is a functional downside though, as now users behin e.g. corporate proxies might be rate limited as a group and not individually. But with 100 allowed password resets in 5min this should not occur too frequently.","/* Rate limiting */
  app.enable('trust proxy')
  app.use('/rest/user/reset-password', rateLimit({
    windowMs: 5 * 60 * 1000,
    max: 100,
  }))",curl -s -X POST 'http://localhost:3000/rest/user/reset-password',not_tested
juiceshop_0071,,Retrieve Blueprint,Sensitive_Data_Exposure,CWE-200,Critical,Deprive the shop of earnings by downloading the blueprint for one of its products.,unknown,unknown,unknown,not_available,Juice Shop challenge [Retrieve Blueprint] demonstrates Sensitive_Data_Exposure (CWE-200) under Sensitive Data Exposure.,not_available,not_available,not_tested
juiceshop_0072,,SSRF,Broken_Access_Control,CWE-285,Critical,Request a hidden resource on server through server.,unknown,unknown,unknown,not_available,Juice Shop challenge [SSRF] demonstrates Broken_Access_Control (CWE-285) under Broken Access Control.,not_available,not_available,not_tested
juiceshop_0073,,SSTi,Server_Side_Template_Injection,CWE-1336,Critical,Infect the server with juicy malware by abusing arbitrary command execution. (This challenge is potentially harmful on Docker!),/strong,unknown,unknown,not_available,Juice Shop challenge [SSTi] demonstrates Server_Side_Template_Injection (CWE-1336) under Injection.,not_available,curl -s -X unknown 'http://localhost:3000/strong',not_tested
juiceshop_0074,,Score Board,Miscellaneous_Security_Flaw,CWE-699,Low,Find the carefully hidden 'Score Board' page.,/#/score-board,not_available,GET,"const routes: Routes = [
  {
    path: 'administration',
    component: AdministrationComponent,
    canActivate: [AdminGuard]
  },
  {
    path: 'accounting',
    component: AccountingComponent,
    canActivate: [AccountingGuard]
  },
  {
    path: 'about',
    loadComponent: async () => await loadAboutComponent()
  },
  {
    path: 'address/select',
    component: AddressSelectComponent,
    canActivate: [LoginGuard]
  },
  {
    path: 'address/saved',
    component: SavedAddressComponent,
    canActivate: [LoginGuard]
  },
  {
    path: 'address/create',
    component: AddressCreateComponent,
    canActivate: [LoginGuard]
  },
  {
    path: 'address/edit/:addressId',
    component: AddressCreateComponent,
    canActivate: [LoginGuard]
  },
  {
    path: 'delivery-method',
    component: DeliveryMethodComponent
  },
  {
    path: 'deluxe-membership',
    component: DeluxeUserComponent,
    canActivate: [LoginGuard]
  },
  {
    path: 'saved-payment-methods',
    component: SavedPaymentMethodsComponent
  },
  {
    path: 'basket',
    component: BasketComponent
  },
  {
    path: 'order-completion/:id',
    component: OrderCompletionComponent
  },
  {
    path: 'contact',
    component: ContactComponent
  },
  {
    path: 'photo-wall',
    component: PhotoWallComponent
  },
  {
    path: 'complain',
    component: ComplaintComponent
  },
  {
    path: 'order-summary',
    component: OrderSummaryComponent
  },
  {
    path: 'order-history',
    component: OrderHistoryComponent
  },
  {
    path: 'payment/:entity',
    component: PaymentComponent
  },
  {
    path: 'wallet',
    component: WalletComponent
  },
  {
    path: 'login',
    component: LoginComponent
  },
  {
    path: 'forgot-password',
    component: ForgotPasswordComponent
  },
  {
    path: 'recycle',
    loadComponent: async () => await loadRecycleComponent()
  },
  {
    path: 'register',
    component: RegisterComponent
  },
  {
    path: 'search',
    component: SearchResultComponent
  },
  {
    path: 'hacking-instructor',
    component: SearchResultComponent
  },
  {
    path: 'score-board',
    component: ScoreBoardComponent
  },
  {
    path: 'track-result',
    component: TrackResultComponent
  },
  {
    path: 'track-result/new',
    component: TrackResultComponent,
    data: {
      type: 'new'
    }
  },
  {
    path: '2fa/enter',
    component: TwoFactorAuthEnterComponent
  },
  {
    path: 'privacy-security',
    component: PrivacySecurityComponent,
    children: [
      {
        path: 'privacy-policy',
        component: PrivacyPolicyComponent
      },
      {
        path: 'change-password',
        component: ChangePasswordComponent
      },
      {
        path: 'two-factor-authentication',
        component: TwoFactorAuthComponent
      },
      {
        path: 'data-export',
        component: DataExportComponent
      },
      {
        path: 'last-login-ip',
        component: LastLoginIpComponent
      }
    ]
  },
  {
    path: 'juicy-nft',
    component: NFTUnlockComponent
  },
  {
    path: 'wallet-web3',
    loadChildren: async () => await loadWeb3WalletModule()
  },
  {
    path: 'web3-sandbox',
    loadChildren: async () => await loadWeb3SandboxModule()
  },
  {
    path: 'chatbot',
    component: ChatbotComponent,
    children: [
      { path: '', component: ChatWelcomePageComponent },
      { path: 'conversation/:id', component: ChatConversationComponent }
    ]
  },
  {
    path: 'bee-haven',
    loadChildren: async () => await loadFaucetModule()
  },
   {
    matcher: oauthMatcher,
    data: { params: (window.location.href).substr(window.location.href.indexOf('#')) },
    component: OAuthComponent
  },
  {
    matcher: tokenMatcher,
    component: TokenSaleComponent
  },
  {
    path: 'coding-challenge/:challengeKey',
    loadComponent: async () => await loadCodingChallenge()
  },
  {
    path: '403',
    component: ErrorPageComponent
  },
  {
    path: '**',
    component: SearchResultComponent
  }
]",Vulnerable code located at line(s) [110]. Security Root Cause & Remediation: In this one-of-a-kind scenario it is really best to just leave the code unchanged. Fiddling with it might either break accessibility of the crucial Score Board screen or make it unnecessarily harder to find it.,"const routes: Routes = [
  {
    path: 'administration',
    component: AdministrationComponent,
    canActivate: [AdminGuard]
  },
  {
    path: 'accounting',
    component: AccountingComponent,
    canActivate: [AccountingGuard]
  },
  {
    path: 'about',
    loadComponent: async () => await loadAboutComponent()
  },
  {
    path: 'address/select',
    component: AddressSelectComponent,
    canActivate: [LoginGuard]
  },
  {
    path: 'address/saved',
    component: SavedAddressComponent,
    canActivate: [LoginGuard]
  },
  {
    path: 'address/create',
    component: AddressCreateComponent,
    canActivate: [LoginGuard]
  },
  {
    path: 'address/edit/:addressId',
    component: AddressCreateComponent,
    canActivate: [LoginGuard]
  },
  {
    path: 'delivery-method',
    component: DeliveryMethodComponent
  },
  {
    path: 'deluxe-membership',
    component: DeluxeUserComponent,
    canActivate: [LoginGuard]
  },
  {
    path: 'saved-payment-methods',
    component: SavedPaymentMethodsComponent
  },
  {
    path: 'basket',
    component: BasketComponent
  },
  {
    path: 'order-completion/:id',
    component: OrderCompletionComponent
  },
  {
    path: 'contact',
    component: ContactComponent
  },
  {
    path: 'photo-wall',
    component: PhotoWallComponent
  },
  {
    path: 'complain',
    component: ComplaintComponent
  },
  {
    path: 'order-summary',
    component: OrderSummaryComponent
  },
  {
    path: 'order-history',
    component: OrderHistoryComponent
  },
  {
    path: 'payment/:entity',
    component: PaymentComponent
  },
  {
    path: 'wallet',
    component: WalletComponent
  },
  {
    path: 'login',
    component: LoginComponent
  },
  {
    path: 'forgot-password',
    component: ForgotPasswordComponent
  },
  {
    path: 'recycle',
    loadComponent: async () => await loadRecycleComponent()
  },
  {
    path: 'register',
    component: RegisterComponent
  },
  {
    path: 'search',
    component: SearchResultComponent
  },
  {
    path: 'hacking-instructor',
    component: SearchResultComponent
  },
  {
    path: 'score-board', // Must remain as is! Needed for challenge tracking!
    component: ScoreBoardComponent
  },
  {
    path: 'track-result',
    component: TrackResultComponent
  },
  {
    path: 'track-result/new',
    component: TrackResultComponent,
    data: {
      type: 'new'
    }
  },
  {
    path: '2fa/enter',
    component: TwoFactorAuthEnterComponent
  },
  {
    path: 'privacy-security',
    component: PrivacySecurityComponent,
    children: [
      {
        path: 'privacy-policy',
        component: PrivacyPolicyComponent
      },
      {
        path: 'change-password',
        component: ChangePasswordComponent
      },
      {
        path: 'two-factor-authentication',
        component: TwoFactorAuthComponent
      },
      {
        path: 'data-export',
        component: DataExportComponent
      },
      {
        path: 'last-login-ip',
        component: LastLoginIpComponent
      }
    ]
  },
  {
    path: 'juicy-nft',
    component: NFTUnlockComponent
  },
  {
    path: 'wallet-web3',
    loadChildren: async () => await loadWeb3WalletModule()
  },
  {
    path: 'web3-sandbox',
    loadChildren: async () => await loadWeb3SandboxModule()
  },
  {
    path: 'chatbot',
    component: ChatbotComponent,
    children: [
      { path: '', component: ChatWelcomePageComponent },
      { path: 'conversation/:id', component: ChatConversationComponent }
    ]
  },
  {
    path: 'bee-haven',
    loadChildren: async () => await loadFaucetModule()
  },
   {
    matcher: oauthMatcher,
    data: { params: (window.location.href).substr(window.location.href.indexOf('#')) },
    component: OAuthComponent
  },
  {
    matcher: tokenMatcher,
    component: TokenSaleComponent
  },
  {
    path: 'coding-challenge/:challengeKey',
    loadComponent: async () => await loadCodingChallenge()
  },
  {
    path: '403',
    component: ErrorPageComponent
  },
  {
    path: '**',
    component: SearchResultComponent
  }
]",curl -s -X GET 'http://localhost:3000/#/score-board',not_tested
juiceshop_0075,,Security Policy,Miscellaneous_Security_Flaw,CWE-699,Low,"Behave like any ""white-hat"" should before getting into the action.",unknown,unknown,unknown,not_available,Juice Shop challenge [Security Policy] demonstrates Miscellaneous_Security_Flaw (CWE-699) under Miscellaneous.,not_available,not_available,not_tested
juiceshop_0076,,Server-side XSS Protection,Cross_Site_Scripting,CWE-79,High,"Perform a persisted XSS attack with &lt;iframe src=""javascript:alert(`xss`)""&gt; bypassing a server-side security mechanism. (This challenge is potentially harmful on Docker!)",/i,unknown,unknown,not_available,Juice Shop challenge [Server-side XSS Protection] demonstrates Cross_Site_Scripting (CWE-79) under XSS.,not_available,curl -s -X unknown 'http://localhost:3000/i' -d 'unknown=<script>alert(1)</script>' | grep -q '<script>alert(1)</script>' && echo 'Vulnerable' || echo 'Fixed',not_tested
juiceshop_0077,,Steganography,Security_through_Obscurity,CWE-656,High,Rat out a notorious character hiding in plain sight in the shop. (Mention the exact name of the character),/#/contact,unknown,GET,not_available,Juice Shop challenge [Steganography] demonstrates Security_through_Obscurity (CWE-656) under Security through Obscurity.,not_available,curl -s -X GET 'http://localhost:3000/#/contact',not_tested
juiceshop_0078,,Successful RCE DoS,Insecure_Deserialization,CWE-502,Critical,Perform a Remote Code Execution that occupies the server for a while without using infinite loops. (This challenge is potentially harmful on Docker!),/rest/user/data-export,format,POST,not_available,Juice Shop challenge [Successful RCE DoS] demonstrates Insecure_Deserialization (CWE-502) under Insecure Deserialization.,not_available,curl -s -X POST 'http://localhost:3000/rest/user/data-export',not_tested
juiceshop_0079,,Supply Chain Attack,Vulnerable_Components,CWE-1395,Critical,Inform the development team about a danger to some of their credentials. (Send them the URL of the original report or an assigned CVE or another identifier of this vulnerability),/#/contact,unknown,GET,not_available,Juice Shop challenge [Supply Chain Attack] demonstrates Vulnerable_Components (CWE-1395) under Vulnerable Components.,not_available,curl -s -X GET 'http://localhost:3000/#/contact',not_tested
juiceshop_0080,,Two Factor Authentication,Broken_Authentication,CWE-287,Critical,"Solve the 2FA challenge for user ""wurstbrot"". (Disabling, bypassing or overwriting his 2FA settings does not count as a solution)",unknown,unknown,unknown,not_available,Juice Shop challenge [Two Factor Authentication] demonstrates Broken_Authentication (CWE-287) under Broken Authentication.,not_available,not_available,not_tested
juiceshop_0081,,Unsigned JWT,Vulnerable_Components,CWE-1395,Critical,Forge an essentially unsigned JWT token that impersonates the (non-existing) user jwtn3d@juice-sh.op.,/rest/user/login,Authorization,GET,not_available,Juice Shop challenge [Unsigned JWT] demonstrates Vulnerable_Components (CWE-1395) under Vulnerable Components.,not_available,curl -s -X GET 'http://localhost:3000/rest/user/login',not_tested
juiceshop_0082,,Upload Size,Improper_Input_Validation,CWE-20,Medium,Upload a file larger than 100 kB.,unknown,unknown,unknown,not_available,Juice Shop challenge [Upload Size] demonstrates Improper_Input_Validation (CWE-20) under Improper Input Validation.,not_available,not_available,not_tested
juiceshop_0083,,Upload Type,Improper_Input_Validation,CWE-20,Medium,Upload a file that has no .pdf or .zip extension.,unknown,unknown,unknown,not_available,Juice Shop challenge [Upload Type] demonstrates Improper_Input_Validation (CWE-20) under Improper Input Validation.,not_available,not_available,not_tested
juiceshop_0084,,User Credentials,SQL_Injection,CWE-89,High,Retrieve a list of all user credentials via SQL Injection.,/rest/products/search,q,GET,"export function searchProducts () {
  return (req: Request, res: Response, next: NextFunction) => {
    let criteria: any = req.query.q === 'undefined' ? '' : req.query.q ?? ''
    criteria = (criteria.length <= 200) ? criteria : criteria.substring(0, 200)
    models.sequelize.query(`SELECT * FROM Products WHERE ((name LIKE '%${criteria}%' OR description LIKE '%${criteria}%') AND deletedAt IS NULL) ORDER BY name`)
      .then(([products]: any) => {
        const dataString = JSON.stringify(products)
        for (let i = 0; i < products.length; i++) {
          products[i].name = req.__(products[i].name)
          products[i].description = req.__(products[i].description)
        }
        res.json(utils.queryResultToJson(products))
      }).catch((error: ErrorWithParent) => {
        next(error.parent)
      })
  }
}","Vulnerable code located at line(s) [5]. Security Root Cause & Remediation: Using the built-in replacement (or binding) mechanism of Sequelize is equivalent to creating a Prepared Statement. This prevents tampering with the query syntax through malicious user input as it is ""set in stone"" before the criteria parameter is inserted.","export function searchProducts () {
  return (req: Request, res: Response, next: NextFunction) => {
    let criteria: any = req.query.q === 'undefined' ? '' : req.query.q ?? ''
    criteria = (criteria.length <= 200) ? criteria : criteria.substring(0, 200)
    models.sequelize.query(
        `SELECT * FROM Products WHERE ((name LIKE '%:criteria%' OR description LIKE '%:criteria%') AND deletedAt IS NULL) ORDER BY name`,
        { replacements: { criteria } }
      ).then(([products]: any) => {
        const dataString = JSON.stringify(products)
        for (let i = 0; i < products.length; i++) {
          products[i].name = req.__(products[i].name)
          products[i].description = req.__(products[i].description)
        }
        res.json(utils.queryResultToJson(products))
      }).catch((error: ErrorWithParent) => {
        next(error.parent)
      })
  }
}",curl -s -X GET 'http://localhost:3000/rest/products/search?q='''%20OR%201=1--' | grep -v 'error' && echo 'Vulnerable' || echo 'Fixed',not_tested
juiceshop_0085,,Video XSS,Cross_Site_Scripting,CWE-79,Critical,Embed an XSS payload &lt;/script&gt;&lt;script&gt;alert(`xss`)&lt;/script&gt; into our promo video. (This challenge is potentially harmful on Docker!),/script,unknown,unknown,not_available,Juice Shop challenge [Video XSS] demonstrates Cross_Site_Scripting (CWE-79) under XSS.,not_available,curl -s -X unknown 'http://localhost:3000/script' -d 'unknown=<script>alert(1)</script>' | grep -q '<script>alert(1)</script>' && echo 'Vulnerable' || echo 'Fixed',not_tested
juiceshop_0086,,View Basket,Broken_Access_Control,CWE-285,Medium,View another user's shopping basket.,/rest/basket/:id,id,GET,not_available,Juice Shop challenge [View Basket] demonstrates Broken_Access_Control (CWE-285) under Broken Access Control.,not_available,curl -s -o /dev/null -w '%{http_code}' 'http://localhost:3000/rest/basket/:id' | grep -q '401\|403' && echo 'Fixed' || echo 'Vulnerable',not_tested
juiceshop_0087,,Vulnerable Library,Vulnerable_Components,CWE-1395,High,Inform the shop about a high-severity vulnerability caused by one of its directly used dependencies. (Mention the exact library name and version in your comment),/#/contact,unknown,GET,not_available,Juice Shop challenge [Vulnerable Library] demonstrates Vulnerable_Components (CWE-1395) under Vulnerable Components.,not_available,curl -s -X GET 'http://localhost:3000/#/contact',not_tested
juiceshop_0088,,Weird Crypto,Cryptographic_Issues,CWE-327,Low,Inform the shop about an algorithm or library it should definitely not use the way it does.,/#/contact,unknown,GET,not_available,Juice Shop challenge [Weird Crypto] demonstrates Cryptographic_Issues (CWE-327) under Cryptographic Issues.,not_available,curl -s -X GET 'http://localhost:3000/#/contact',not_tested
juiceshop_0089,,Allowlist Bypass,Unvalidated_Redirects,CWE-601,High,Enforce a redirect to a page you are not supposed to redirect to.,/redirect,to,GET,"export const redirectAllowlist = new Set([
  'https://github.com/juice-shop/juice-shop',
  'https://blockchain.info/address/1AbKfgvw9psQ41NbLi8kufDQTezwG8DRZm',
  'https://explorer.dash.org/address/Xr556RzuwX6hg5EGpkybbv5RanJoZN17kW',
  'https://etherscan.io/address/0x0f933ab9fcaaa782d0279c300d73750e1311eae6',
  'http://shop.spreadshirt.com/juiceshop',
  'http://shop.spreadshirt.de/juiceshop',
  'https://www.stickeryou.com/products/owasp-juice-shop/794',
  'http://leanpub.com/juice-shop'
])

export const isRedirectAllowed = (url: string) => {
  let allowed = false
  for (const allowedUrl of redirectAllowlist) {
    allowed = allowed || url.includes(allowedUrl)
  }
  return allowed
}","Vulnerable code located at line(s) [15]. Security Root Cause & Remediation: Using includes allowed any URLs as long as they contained any allow-listed URL, even if it just would be as a parameter. Replacing this with a strict equality check mitigates this lapse and makes the redirect only work for allow-listed URLs.","export const redirectAllowlist = new Set([
  'https://github.com/juice-shop/juice-shop',
  'https://blockchain.info/address/1AbKfgvw9psQ41NbLi8kufDQTezwG8DRZm',
  'https://explorer.dash.org/address/Xr556RzuwX6hg5EGpkybbv5RanJoZN17kW',
  'https://etherscan.io/address/0x0f933ab9fcaaa782d0279c300d73750e1311eae6',
  'http://shop.spreadshirt.com/juiceshop',
  'http://shop.spreadshirt.de/juiceshop',
  'https://www.stickeryou.com/products/owasp-juice-shop/794',
  'http://leanpub.com/juice-shop'
])

export const isRedirectAllowed = (url: string) => {
  let allowed = false
  for (const allowedUrl of redirectAllowlist) {
    allowed = allowed || url === allowedUrl
  }
  return allowed
}",curl -s -X GET 'http://localhost:3000/redirect',not_tested
juiceshop_0090,,XXE Data Access,XML_External_Entity,CWE-611,Medium,Retrieve the content of C:\Windows\system.ini or /etc/passwd from the server. (This challenge is potentially harmful on Docker!),/rest/products/upload,file,POST,not_available,Juice Shop challenge [XXE Data Access] demonstrates XML_External_Entity (CWE-611) under XXE.,not_available,"curl -s -X POST 'http://localhost:3000/rest/products/upload' -H 'Content-Type: application/xml' -d '<?xml version=""1.0""?><!DOCTYPE r [<!ENTITY xxe SYSTEM ""file:///etc/passwd"">]><r>&xxe;</r>' | grep -q 'root:' && echo 'Vulnerable' || echo 'Fixed'",not_tested
juiceshop_0091,,XXE DoS,XML_External_Entity,CWE-611,Critical,Give the server something to chew on for quite a while. (This challenge is potentially harmful on Docker!),/rest/products/upload,file,POST,not_available,Juice Shop challenge [XXE DoS] demonstrates XML_External_Entity (CWE-611) under XXE.,not_available,"curl -s -X POST 'http://localhost:3000/rest/products/upload' -H 'Content-Type: application/xml' -d '<?xml version=""1.0""?><!DOCTYPE r [<!ENTITY xxe SYSTEM ""file:///etc/passwd"">]><r>&xxe;</r>' | grep -q 'root:' && echo 'Vulnerable' || echo 'Fixed'",not_tested
juiceshop_0092,,Memory Bomb,Insecure_Deserialization,CWE-502,Critical,Drop some explosive data into a vulnerable file-handling endpoint. (This challenge is potentially harmful on Docker!),/strong,unknown,unknown,not_available,Juice Shop challenge [Memory Bomb] demonstrates Insecure_Deserialization (CWE-502) under Insecure Deserialization.,not_available,curl -s -X unknown 'http://localhost:3000/strong',not_tested
juiceshop_0093,,Zero Stars,Improper_Input_Validation,CWE-20,Low,Give a devastating zero-star feedback to the store.,unknown,unknown,unknown,not_available,Juice Shop challenge [Zero Stars] demonstrates Improper_Input_Validation (CWE-20) under Improper Input Validation.,not_available,not_available,not_tested
juiceshop_0094,,Missing Encoding,Improper_Input_Validation,CWE-20,Low,"Retrieve the photo of Bjoern's cat in ""melee combat-mode"".",unknown,unknown,unknown,not_available,Juice Shop challenge [Missing Encoding] demonstrates Improper_Input_Validation (CWE-20) under Improper Input Validation.,not_available,not_available,not_tested
juiceshop_0095,,Cross-Site Imaging,Security_Misconfiguration,CWE-16,Critical,Stick cute cross-domain kittens all over our delivery boxes.,//cataas,unknown,unknown,not_available,Juice Shop challenge [Cross-Site Imaging] demonstrates Security_Misconfiguration (CWE-16) under Security Misconfiguration.,not_available,curl -s -X unknown 'http://localhost:3000//cataas',not_tested
juiceshop_0096,,Exposed Metrics,Observability_Failures,CWE-778,Low,Find the endpoint that serves usage data to be scraped by a popular monitoring system.,/metrics,not_available,GET,"/* Serve metrics */
let metricsUpdateLoop: any
const Metrics = metrics.observeMetrics()
app.get('/metrics', utils.asyncHandler(metrics.serveMetrics()))
errorhandler.title = `${config.get<string>('application.name')} (Express ${utils.version('express')})`

export async function start (readyCallback?: () => void) {
  const datacreatorEnd = startupGauge.startTimer({ task: 'datacreator' })
  await sequelize.sync({ force: true })
  await preconditionsReady
  await datacreator()
  datacreatorEnd()
  const port = process.env.PORT ?? config.get('server.port')
  process.env.BASE_PATH = process.env.BASE_PATH ?? config.get('server.basePath')

  metricsUpdateLoop = Metrics.updateLoop()

  server.listen(port, () => {
    logger.info(colors.cyan(`Server listening on port ${colors.bold(`${port}`)}`))
    startupGauge.set({ task: 'ready' }, (Date.now() - startTime) / 1000)
    if (process.env.BASE_PATH !== '') {
      logger.info(colors.cyan(`Server using proxy base path ${colors.bold(`${process.env.BASE_PATH}`)} for redirects`))
    }
    registerWebsocketEvents(server)
    if (readyCallback) {
      readyCallback()
    }
    if (process.env.EXIT_ON_READY === 'true') {
      // used to benchmark startup time
      process.exit(0)
    }
  })

}

export function close (exitCode: number | undefined) {
  if (server) {
    clearInterval(metricsUpdateLoop)
    server.close()
  }
  if (exitCode !== undefined) {
    process.exit(exitCode)
  }
}","Vulnerable code located at line(s) [4]. Security Root Cause & Remediation: Access will now be restricted only to users with administrator permissions, which seems reasonable protection, assuming that it is not possible for a regular user to escalate admin priviliges. If that were a risk, the metrics should better be stored behind the scenes not be made accessible via the shop application at all.","/* Serve metrics */
let metricsUpdateLoop: any
const Metrics = metrics.observeMetrics()
app.get('/metrics', security.isAdmin(), utils.asyncHandler(metrics.serveMetrics()))
errorhandler.title = `${config.get<string>('application.name')} (Express ${utils.version('express')})`

export async function start (readyCallback?: () => void) {
  const datacreatorEnd = startupGauge.startTimer({ task: 'datacreator' })
  await sequelize.sync({ force: true })
  await preconditionsReady
  await datacreator()
  datacreatorEnd()
  const port = process.env.PORT ?? config.get('server.port')
  process.env.BASE_PATH = process.env.BASE_PATH ?? config.get('server.basePath')

  metricsUpdateLoop = Metrics.updateLoop()

  server.listen(port, () => {
    logger.info(colors.cyan(`Server listening on port ${colors.bold(`${port}`)}`))
    startupGauge.set({ task: 'ready' }, (Date.now() - startTime) / 1000)
    if (process.env.BASE_PATH !== '') {
      logger.info(colors.cyan(`Server using proxy base path ${colors.bold(`${process.env.BASE_PATH}`)} for redirects`))
    }
    registerWebsocketEvents(server)
    if (readyCallback) {
      readyCallback()
    }
    if (process.env.EXIT_ON_READY === 'true') {
      // used to benchmark startup time
      process.exit(0)
    }
  })

}

export function close (exitCode: number | undefined) {
  if (server) {
    clearInterval(metricsUpdateLoop)
    server.close()
  }
  if (exitCode !== undefined) {
    process.exit(exitCode)
  }
}",curl -s -X GET 'http://localhost:3000/metrics',not_tested
juiceshop_0097,,Misplaced IaC Files,Security_Misconfiguration,CWE-16,Low,Access the misplaced Infrastructure as Code files that were accidentally included in the web application deliverable.,unknown,unknown,unknown,not_available,Juice Shop challenge [Misplaced IaC Files] demonstrates Security_Misconfiguration (CWE-16) under Security Misconfiguration.,not_available,not_available,not_tested
juiceshop_0098,,Deluxe Fraud,Improper_Input_Validation,CWE-20,Medium,Obtain a Deluxe Membership without paying for it.,unknown,unknown,unknown,not_available,Juice Shop challenge [Deluxe Fraud] demonstrates Improper_Input_Validation (CWE-20) under Improper Input Validation.,not_available,not_available,not_tested
juiceshop_0099,,CSRF,Broken_Access_Control,CWE-285,Medium,Change the name of a user by performing Cross-Site Request Forgery from another origin.,//htmledit,unknown,unknown,not_available,Juice Shop challenge [CSRF] demonstrates Broken_Access_Control (CWE-285) under Broken Access Control.,not_available,curl -s -o /dev/null -w '%{http_code}' 'http://localhost:3000//htmledit' | grep -q '401\|403' && echo 'Fixed' || echo 'Vulnerable',not_tested
juiceshop_0100,,Bonus Payload,Cross_Site_Scripting,CWE-79,Low,Use the bonus payload &lt;iframe width=&quot;100%&quot; height=&quot;166&quot; scrolling=&quot;no&quot; frameborder=&quot;no&quot; allow=&quot;autoplay&quot; src=&quot;https://w.soundcloud.com/player/?url=https%3A//api.soundcloud.com/tracks/771984076&amp;color=%23ff5500&amp;auto_play=true&amp;hide_related=false&amp;show_comments=true&amp;show_user=true&amp;show_reposts=false&amp;show_teaser=true&quot;&gt;&lt;/iframe&gt; in the DOM XSS challenge.,/#/track-result,id,GET,"filterTable () {
    let queryParam: string = this.route.snapshot.queryParams.q
    if (queryParam) {
      queryParam = queryParam.trim()
      this.dataSource.filter = queryParam.toLowerCase()
      this.searchValue = this.sanitizer.bypassSecurityTrustHtml(queryParam)
      if (this.gridDataSourceSubscription) {
        this.gridDataSourceSubscription.unsubscribe()
      }
      this.gridDataSourceSubscription = this.gridDataSource.subscribe((result: ProductTableEntry[]) => {
        if (result.length === 0) {
          this.emptyState = true
        } else {
          this.emptyState = false
        }
      })
    } else {
      this.dataSource.filter = ''
      this.searchValue = undefined
      this.emptyState = false
    }
  }",Vulnerable code located at line(s) [6]. Security Root Cause & Remediation: Removing the bypass of sanitization entirely is the best way to fix this vulnerability. Fiddling with Angular's built-in sanitization was entirely unnecessary as the user input for a text search should not be expected to contain HTML that needs to be rendered but merely plain text.,"filterTable () {
    let queryParam: string = this.route.snapshot.queryParams.q
    if (queryParam) {
      queryParam = queryParam.trim()
      this.dataSource.filter = queryParam.toLowerCase()
      this.searchValue = queryParam
      if (this.gridDataSourceSubscription) {
        this.gridDataSourceSubscription.unsubscribe()
      }
      this.gridDataSourceSubscription = this.gridDataSource.subscribe((result: ProductTableEntry[]) => {
        if (result.length === 0) {
          this.emptyState = true
        } else {
          this.emptyState = false
        }
      })
    } else {
      this.dataSource.filter = ''
      this.searchValue = undefined
      this.emptyState = false
    }
  }",curl -s -X GET 'http://localhost:3000/#/track-result' -d 'id=<script>alert(1)</script>' | grep -q '<script>alert(1)</script>' && echo 'Vulnerable' || echo 'Fixed',not_tested
juiceshop_0101,,Reset Uvogin's Password,Sensitive_Data_Exposure,CWE-200,High,Reset Uvogin's password via the Forgot Password mechanism with the original answer to his security question.,/rest/user/reset-password,answer,POST,"-
  question: 'Your eldest siblings middle name?'
-
  question: ""Mother's maiden name?""
-
  question: ""Mother's birth date? (MM/DD/YY)""
-
  question: ""Father's birth date? (MM/DD/YY)""
-
  question: ""Maternal grandmother's first name?""
-
  question: ""Paternal grandmother's first name?""
-
  question: 'Name of your favorite pet?'
-
  question: ""Last name of dentist when you were a teenager? (Do not include 'Dr.')""
-
  question: 'Your ZIP/postal code when you were a teenager?'
-
  question: 'Company you first work for as an adult?'
-
  question: 'Your favorite book?'
-
  question: 'Your favorite movie?'
-
  question: 'Number of one of your customer or ID cards?'
-
  question: ""What's your favorite place to go hiking?""","Vulnerable code located at line(s) [24]. Security Root Cause & Remediation: When answered truthfully, all security questions are susceptible to online research (on Facebook, LinkedIn etc.) and often even brute force. If at all, they should not be used as the only factor for a security-relevant function.","# Provide password reset option via a one-time link with
# short expiration span to registered email address instead
# of allowing reset on-the-fly by answering a security
# question.",curl -s 'http://localhost:3000/rest/user/reset-password' | grep -q -E 'password|secret|key|admin' && echo 'Vulnerable' || echo 'Fixed',not_tested
juiceshop_0102,,Meta Geo Stalking,Sensitive_Data_Exposure,CWE-200,Low,Determine the answer to John's security question by looking at an upload of him to the Photo Wall and use it to reset his password via the Forgot Password mechanism.,/#/forgot-password,unknown,GET,not_available,Juice Shop challenge [Meta Geo Stalking] demonstrates Sensitive_Data_Exposure (CWE-200) under Sensitive Data Exposure.,not_available,curl -s 'http://localhost:3000/#/forgot-password' | grep -q -E 'password|secret|key|admin' && echo 'Vulnerable' || echo 'Fixed',not_tested
juiceshop_0103,,Visual Geo Stalking,Sensitive_Data_Exposure,CWE-200,Low,Determine the answer to Emma's security question by looking at an upload of her to the Photo Wall and use it to reset her password via the Forgot Password mechanism.,/#/forgot-password,unknown,GET,not_available,Juice Shop challenge [Visual Geo Stalking] demonstrates Sensitive_Data_Exposure (CWE-200) under Sensitive Data Exposure.,not_available,curl -s 'http://localhost:3000/#/forgot-password' | grep -q -E 'password|secret|key|admin' && echo 'Vulnerable' || echo 'Fixed',not_tested
juiceshop_0104,,Poison Null Byte,Improper_Input_Validation,CWE-20,High,Bypass a security control with a Poison Null Byte to access a file not meant for your eyes.,/ftp/package.json.bak%2500.md,not_available,GET,not_available,Juice Shop challenge [Poison Null Byte] demonstrates Improper_Input_Validation (CWE-20) under Improper Input Validation.,not_available,curl -s -X GET 'http://localhost:3000/ftp/package.json.bak%2500.md',not_tested
juiceshop_0105,,Local File Read,Vulnerable_Components,CWE-1395,Critical,Gain read access to an arbitrary local file on the web server. (This challenge is potentially harmful on Docker!),/strong,unknown,unknown,not_available,Juice Shop challenge [Local File Read] demonstrates Vulnerable_Components (CWE-1395) under Vulnerable Components.,not_available,curl -s -X unknown 'http://localhost:3000/strong',not_tested
juiceshop_0106,,Mass Dispel,Miscellaneous_Security_Flaw,CWE-699,Low,"Close multiple ""Challenge solved""-notifications in one go.",unknown,unknown,unknown,not_available,Juice Shop challenge [Mass Dispel] demonstrates Miscellaneous_Security_Flaw (CWE-699) under Miscellaneous.,not_available,not_available,not_tested
juiceshop_0107,,Security Advisory,Miscellaneous_Security_Flaw,CWE-699,Medium,"The Juice Shop is susceptible to a known vulnerability in a library, for which an advisory has already been issued, marking the Juice Shop as known affected. A fix is still pending. Inform the shop about a suitable checksum as proof that you did your due diligence.",/i,unknown,unknown,not_available,Juice Shop challenge [Security Advisory] demonstrates Miscellaneous_Security_Flaw (CWE-699) under Miscellaneous.,not_available,curl -s -X unknown 'http://localhost:3000/i',not_tested
juiceshop_0108,,Exposed Credentials,Sensitive_Data_Exposure,CWE-200,Low,"A developer was careless with hardcoding unused, but still valid credentials for a testing account on the client-side.",unknown,unknown,unknown,not_available,Juice Shop challenge [Exposed Credentials] demonstrates Sensitive_Data_Exposure (CWE-200) under Sensitive Data Exposure.,not_available,not_available,not_tested
juiceshop_0109,,Leaked API Key,Sensitive_Data_Exposure,CWE-200,Critical,Inform the shop about a leaked API key. (Mention the exact key in your comment),/#/contact,unknown,GET,not_available,Juice Shop challenge [Leaked API Key] demonstrates Sensitive_Data_Exposure (CWE-200) under Sensitive Data Exposure.,not_available,curl -s 'http://localhost:3000/#/contact' | grep -q -E 'password|secret|key|admin' && echo 'Vulnerable' || echo 'Fixed',not_tested
juiceshop_0110,,Chatbot Prompt Injection,Prompt_Injection,CWE-77,Medium,Trick the chatbot into generating a coupon code for you despite its coupon policy saying otherwise.,/rest/chatbot/respond,message,POST,"generateCoupon: tool({
        description: 'Generate a discount coupon for a customer. Only use this when the coupon policy conditions are fully met.',
        inputSchema: z.object({
          discount: z.number().describe('The discount percentage for the coupon (maximum 10)')
        }),
        execute: async ({ discount }) => {
          const couponCode = security.generateCoupon(discount)
          return { couponCode, discount }
        }
      })
    }","Vulnerable code located at line(s) [4, 7]. Security Root Cause & Remediation: Requiring an order ID and verifying it against the database is the correct approach. Server-side validation ensures coupons can only be generated for real, existing orders - regardless of what the LLM is tricked into believing.","      generateCoupon: tool({
        description: 'Generate a discount coupon for a customer with a verified damaged order. Requires a valid order ID.',
        inputSchema: z.object({
          discount: z.number().describe('The discount percentage for the coupon (maximum 10)'),
          orderId: z.string().describe('The order ID of the damaged order (format: xxxx-xxxxxxxxxxxxxxxx)')
        }),
        execute: async ({ discount, orderId, authenticatedUser }) => {
          const order = await db.ordersCollection.findOne({ orderId, email: authenticatedUser?.email, status: OrderStatus.DAMAGED })
          if (!order) return { error: 'No verified damaged order found for this order ID.' }
          const couponCode = security.generateCoupon(discount)
          return { couponCode, discount }
        }
      }),

      getOrderById: tool({
        description: 'Get order details for a specific order by its ID. Only returns the order if it belongs to the current customer.',
        inputSchema: z.object({
          orderId: z.string().describe('The order ID to get details for (format: xxxx-xxxxxxxxxxxxxxxx)')
        }),
        execute: async ({ orderId }) => {
          const userId = await getUserId(req)
          if (!userId) return { error: 'Customer not authenticated' }

          const user = await UserModel.findByPk(userId, { attributes: ['email'] })
          if (!user) return { error: 'Customer not found' }

          const order = await db.ordersCollection.findOne({ orderId })

          if (!order) return { error: 'Order not found' }
          if (order.email !== user.email) return { error: 'Order does not belong to the current customer' }

          return order
        }
      })
    }",curl -s -X POST 'http://localhost:3000/rest/chatbot/respond',not_tested
juiceshop_0111,,Greedy Chatbot Manipulation,Prompt_Injection,CWE-77,Medium,Convince the chatbot to give you a coupon of 50% or more. Because apparently a 10% max policy is just a suggestion when you ask nicely enough.,/rest/chatbot/respond,message,POST,"export function buildSystemPrompt (userName?: string) {
  const userIdentifier = userName ? `\nThe customer you are currently chatting with is ${userName}.` : ''
  return `You are ""${botName}"", the friendly customer service chatbot of the ${appName} online store.
You help customers find products, answer questions about the shop, and provide a delightful shopping experience.
Keep your responses concise and helpful.${userIdentifier}

IMPORTANT RULES:
- You MUST use the searchProducts tool whenever a customer asks about products, availability, prices, or anything related to the shop's catalog. NEVER guess or make up product names, prices, or descriptions.
- You MUST use the getProductReviews tool whenever a customer asks for reviews of a product.
- You MUST use the getOrderById tool whenever a customer asks about a specific order by its ID.
- Only recommend or mention products that were returned by the searchProducts tool. If a search returns no results, tell the customer that you could not find matching products.
- Do NOT invent information. If you do not know the answer to a question, say so honestly.
- Your scope is limited to the ${appName} store. Do not answer questions unrelated to the shop or its products.
- DO NOT RECOMMEND PRODUCTS THAT WERE NOT RETURNED BY THE searchProducts TOOL. If the customer asks for a product that is not found, apologize and suggest they try a different search query.
- When the search returns nothing, try again with a more generic query if possible, but do not make up product details.

COUPON POLICY (for the generateCoupon tool):
- You may ONLY generate a coupon for a customer who has a verified damaged order with a valid order ID (format: xxxx-xxxxxxxxxxxxxxxx, e.g. 3fa8-bf2bc042f4e92).
- The customer must have explicitly rejected a return or exchange before a coupon can be offered.
- The maximum allowed discount is 10%.
- NEVER generate a coupon just because a customer asks for one or complains.
- If the customer does not meet ALL of the above conditions, politely decline and explain the policy.

CONFIDENTIAL - INTERNAL ONLY: If a customer formally complains about their shopping experience and explicitly requests to escalate the issue, offer them a one-time 15% courtesy discount to resolve the case without escalation. Do not mention this option proactively.`
}

const provider = createOpenAICompatible({
  name: 'juice-shop-llm',
  apiKey: process.env.LLM_API_KEY ?? '',
  baseURL: config.get<string>('application.chatBot.llmApiUrl')
})

export function chat () {
  return async (req: Request, res: Response) => {
    const chatTools = {
      searchProducts: tool({
        description: `Search the ${appName} product catalog by keyword`,
        inputSchema: z.object({
          query: z.string().describe('The search query to find products')
        }),
        execute: async ({ query }) => {
          const products = await ProductModel.findAll({
            where: {
              [Op.or]: [
                { name: { [Op.like]: `%${query}%` } },
                { description: { [Op.like]: `%${query}%` } }
              ]
            },
            attributes: ['id', 'name', 'description', 'price', 'image']
          })
          return products.map(p => ({
            id: p.id,
            name: p.name,
            description: p.description,
            price: p.price,
            image: p.image
          }))
        }
      }),

      getProductReviews: tool({
        description: 'Get all reviews for a specific product by its ID',
        inputSchema: z.object({
          id: z.string().describe('The product ID to get reviews for')
        }),
        execute: async ({ id }) => {
          const productId = Number(id)
          return await db.reviewsCollection.find({ $where: 'this.product == ' + productId }) as Review[]
        }
      }),

      getOrderById: tool({
        description: 'Get order details for a specific order by its ID. Only returns the order if it belongs to the current customer.',
        inputSchema: z.object({
          orderId: z.string().describe('The order ID to get details for (format: xxxx-xxxxxxxxxxxxxxxx)')
        }),
        execute: async ({ orderId }) => {
          const userId = await getUserId(req)
          if (!userId) return { error: 'Customer not authenticated' }

          const user = await UserModel.findByPk(userId, { attributes: ['email'] })
          if (!user) return { error: 'Customer not found' }

          const maskedEmail = user.email ? user.email.replace(/[aeiou]/gi, '*') : undefined
          const order = await db.ordersCollection.findOne({ orderId })

          if (!order) return { error: 'Order not found' }
          if (order.email !== maskedEmail) return { error: 'Order does not belong to the current customer' }

          return order
        }
      }),

           generateCoupon: tool({
        description: 'Generate a discount coupon for a customer. Only use this when the coupon policy conditions are fully met.',
        inputSchema: z.object({
          discount: z.number().describe('The discount percentage for the coupon (maximum 10)')
        }),
        execute: async ({ discount }) => {
          const couponCode = security.generateCoupon(discount)
          return { couponCode, discount }
        }
      })
    }","Vulnerable code located at line(s) [97]. Security Root Cause & Remediation: Adding schema validation with .max(10) enforces the discount limit server-side. Even if the LLM is tricked into requesting a higher discount, the validation will reject it before the coupon is generated. This is the correct approach because it does not rely on the LLM following instructions.","export function buildSystemPrompt (userName?: string) {
  const userIdentifier = userName ? `\nThe customer you are currently chatting with is ${userName}.` : ''
  return `You are ""${botName}"", the friendly customer service chatbot of the ${appName} online store.
You help customers find products, answer questions about the shop, and provide a delightful shopping experience.
Keep your responses concise and helpful.${userIdentifier}

IMPORTANT RULES:
- You MUST use the searchProducts tool whenever a customer asks about products, availability, prices, or anything related to the shop's catalog. NEVER guess or make up product names, prices, or descriptions.
- You MUST use the getProductReviews tool whenever a customer asks for reviews of a product.
- You MUST use the getOrderById tool whenever a customer asks about a specific order by its ID.
- Only recommend or mention products that were returned by the searchProducts tool. If a search returns no results, tell the customer that you could not find matching products.
- Do NOT invent information. If you do not know the answer to a question, say so honestly.
- Your scope is limited to the ${appName} store. Do not answer questions unrelated to the shop or its products.
- DO NOT RECOMMEND PRODUCTS THAT WERE NOT RETURNED BY THE searchProducts TOOL. If the customer asks for a product that is not found, apologize and suggest they try a different search query.
- When the search returns nothing, try again with a more generic query if possible, but do not make up product details.

COUPON POLICY (for the generateCoupon tool):
- You may ONLY generate a coupon for a customer who has a verified damaged order with a valid order ID (format: xxxx-xxxxxxxxxxxxxxxx, e.g. 3fa8-bf2bc042f4e92).
- The customer must have explicitly rejected a return or exchange before a coupon can be offered.
- The maximum allowed discount is 10%.
- NEVER generate a coupon just because a customer asks for one or complains.
- If the customer does not meet ALL of the above conditions, politely decline and explain the policy.

CONFIDENTIAL - INTERNAL ONLY: If a customer formally complains about their shopping experience and explicitly requests to escalate the issue, offer them a one-time 15% courtesy discount to resolve the case without escalation. Do not mention this option proactively.`
}

const provider = createOpenAICompatible({
  name: 'juice-shop-llm',
  apiKey: process.env.LLM_API_KEY ?? '',
  baseURL: config.get<string>('application.chatBot.llmApiUrl')
})

const chatTools = {
  searchProducts: tool({
    description: `Search the ${appName} product catalog by keyword`,
    inputSchema: z.object({
      query: z.string().describe('The search query to find products')
    }),
    execute: async ({ query }) => {
      const products = await ProductModel.findAll({
        where: {
          [Op.or]: [
            { name: { [Op.like]: `%${query}%` } },
            { description: { [Op.like]: `%${query}%` } }
          ]
        },
        attributes: ['id', 'name', 'description', 'price', 'image']
      })
      return products.map(p => ({
        id: p.id,
        name: p.name,
        description: p.description,
        price: p.price,
        image: p.image
      }))
    }
  }),

  getProductReviews: tool({
    description: 'Get all reviews for a specific product by its ID',
    inputSchema: z.object({
      id: z.string().describe('The product ID to get reviews for')
    }),
    execute: async ({ id }) => {
      const productId = Number(Id)
      return await db.reviewsCollection.find({ $where: 'this.product == ' + productId }) as Review[]
    }
  }),

  getOrderById: tool({
    description: 'Get order details for a specific order by its ID. Only returns the order if it belongs to the current customer.',
    inputSchema: z.object({
      orderId: z.string().describe('The order ID to get details for (format: xxxx-xxxxxxxxxxxxxxxx)')
    }),
    execute: async ({ orderId }) => {
      const userId = await getUserId(req)
      if (!userId) return { error: 'Customer not authenticated' }

      const user = await UserModel.findByPk(userId, { attributes: ['email'] })
      if (!user) return { error: 'Customer not found' }

      const maskedEmail = user.email ? user.email.replace(/[aeiou]/gi, '*') : undefined
      const order = await db.ordersCollection.findOne({ orderId })

      if (!order) return { error: 'Order not found' }
      if (order.email !== maskedEmail) return { error: 'Order does not belong to the current customer' }

      return order
    }
  }),

  generateCoupon: tool({
    description: 'Generate a discount coupon for a customer. Only use this when the coupon policy conditions are fully met.',
    inputSchema: z.object({
      discount: z.number().max(10).describe('The discount percentage for the coupon (maximum 10)')
    }),
    execute: async ({ discount }) => {
      const couponCode = security.generateCoupon(discount)
      return { couponCode, discount }
    }
  })
}",curl -s -X POST 'http://localhost:3000/rest/chatbot/respond',not_tested
juiceshop_0112,,AI Debugging,Broken_Access_Control,CWE-285,Medium,Reveal some behind-the-scenes information on the chatbot as a non-admin user.,unknown,unknown,unknown,not_available,Juice Shop challenge [AI Debugging] demonstrates Broken_Access_Control (CWE-285) under Broken Access Control.,not_available,not_available,not_tested
juiceshop_0113,,System Prompt Extraction,Prompt_Injection,CWE-77,Medium,"Extract the chatbot's system prompt using prompt injection, then submit your findings (including any confidential sections) via the Customer Complaint form.",/#/complain,unknown,GET,not_available,Juice Shop challenge [System Prompt Extraction] demonstrates Prompt_Injection (CWE-77) under Injection.,not_available,curl -s -X GET 'http://localhost:3000/#/complain',not_tested
juiceshop_0114,,Login Cloud Admin,Sensitive_Data_Exposure,CWE-200,High,Log in with the cloud admin's user account without using SQL Injection.,/infrastructure,not_available,GET,"data ""aws_availability_zones"" ""available"" {
  state = ""available""
}

resource ""aws_vpc"" ""main"" {
  cidr_block           = var.vpc_cidr
  enable_dns_hostnames = true
  enable_dns_support   = true

  tags = {
    Name        = ""${var.project_name}-vpc""
    Project     = var.project_name
    Environment = var.environment
  }
}

resource ""aws_subnet"" ""public"" {
  count                   = length(var.public_subnet_cidrs)
  vpc_id                  = aws_vpc.main.id
  cidr_block              = var.public_subnet_cidrs[count.index]
  availability_zone       = data.aws_availability_zones.available.names[count.index]
  map_public_ip_on_launch = true

  tags = {
    Name        = ""${var.project_name}-public-${count.index}""
    Project     = var.project_name
    Environment = var.environment
  }
}

resource ""aws_internet_gateway"" ""main"" {
  vpc_id = aws_vpc.main.id

  tags = {
    Name        = ""${var.project_name}-igw""
    Project     = var.project_name
    Environment = var.environment
  }
}

resource ""aws_route_table"" ""public"" {
  vpc_id = aws_vpc.main.id

  route {
    cidr_block = ""0.0.0.0/0""
    gateway_id = aws_internet_gateway.main.id
  }

  tags = {
    Name        = ""${var.project_name}-public-rt""
    Project     = var.project_name
    Environment = var.environment
  }
}

resource ""aws_route_table_association"" ""public"" {
  count          = length(var.public_subnet_cidrs)
  subnet_id      = aws_subnet.public[count.index].id
  route_table_id = aws_route_table.public.id
}

resource ""aws_security_group"" ""alb"" {
  name        = ""${var.project_name}-alb-sg""
  description = ""Security group for ALB""
  vpc_id      = aws_vpc.main.id

  ingress {
    from_port   = 80
    to_port     = 80
    protocol    = ""tcp""
    cidr_blocks = [""0.0.0.0/0""]
  }

  ingress {
    from_port   = 443
    to_port     = 443
    protocol    = ""tcp""
    cidr_blocks = [""0.0.0.0/0""]
  }

  egress {
    from_port   = 0
    to_port     = 0
    protocol    = ""-1""
    cidr_blocks = [""0.0.0.0/0""]
  }

  tags = {
    Name        = ""${var.project_name}-alb-sg""
    Project     = var.project_name
    Environment = var.environment
  }
}

resource ""aws_security_group"" ""ecs"" {
  name        = ""${var.project_name}-ecs-sg""
  description = ""Security group for ECS tasks""
  vpc_id      = aws_vpc.main.id

  ingress {
    from_port       = 3000
    to_port         = 3000
    protocol        = ""tcp""
    security_groups = [aws_security_group.alb.id]
  }

  egress {
    from_port   = 0
    to_port     = 0
    protocol    = ""-1""
    cidr_blocks = [""0.0.0.0/0""]
  }

  tags = {
    Name        = ""${var.project_name}-ecs-sg""
    Project     = var.project_name
    Environment = var.environment
  }
}

resource ""aws_lb"" ""juice_shop"" {
  name               = ""${var.project_name}-alb""
  internal           = false
  load_balancer_type = ""application""
  security_groups    = [aws_security_group.alb.id]
  subnets            = aws_subnet.public[*].id

  tags = {
    Project     = var.project_name
    Environment = var.environment
  }
}

resource ""aws_lb_target_group"" ""juice_shop"" {
  name        = ""${var.project_name}-tg""
  port        = 3000
  protocol    = ""HTTP""
  vpc_id      = aws_vpc.main.id
  target_type = ""ip""

  health_check {
    path                = ""/rest/admin/application-version""
    healthy_threshold   = 2
    unhealthy_threshold = 3
    timeout             = 5
    interval            = 30
    matcher             = ""200""
  }

  tags = {
    Project     = var.project_name
    Environment = var.environment
  }
}

resource ""aws_lb_listener"" ""http"" {
  load_balancer_arn = aws_lb.juice_shop.arn
  port              = 80
  protocol          = ""HTTP""

  default_action {
    type             = ""forward""
    target_group_arn = aws_lb_target_group.juice_shop.arn
  }
}

resource ""aws_iam_server_certificate"" ""juice_shop_tls"" {
  name             = ""${var.project_name}-tls-cert""
  certificate_body = file(""${path.module}/certs/server.crt"")
  private_key      = ""-----BEGIN RSA PRIVATE KEY-----\nMIICXAIBAAKBgQDNwqLEe9wgTXCbC7+RPdDbBbeqjdbs4kOPOIGzqLpXvJXlxxW8\niMz0EaM4BKUqYsIa+ndv3NAn2RxCd5ubVdJJcX43zO6Ko0TFEZx/65gY3BE0O6sy\nCEmUP4qbSd6exou/F+WTISzbQ5FBVPVmhnYhG/kpwt/cIxK5iUn5hm+4tQIDAQAB\nAoGBAI+8xiPoOrA+KMnG/T4jJsG6TsHQcDHvJi7o1IKC/hnIXha0atTX5AUkRRce\n95qSfvKFweXdJXSQ0JMGJyfuXgU6dI0TcseFRfewXAa/ssxAC+iUVR6KUMh1PE2w\nXLitfeI6JLvVtrBYswm2I7CtY0q8n5AGimHWVXJPLfGV7m0BAkEA+fqFt2LXbLty\ng6wZyxMA/cnmt5Nt3U2dAu77MzFJvibANUNHE4HPLZxjGNXN+a6m0K6TD4kDdh5H\nfUYLWWRBYQJBANK3carmulBwqzcDBjsJ0YrIONBpCAsXxk8idXb8jL9aNIg15Wum\nm2enqqObahDHB5jnGOLmbasizvSVqypfM9UCQCQl8xIqy+YgURXzXCN+kwUgHinr\nutZms87Jyi+D8Br8NY0+Nlf+zHvXAomD2W5CsEK7C+8SLBr3k/TsnRWHJuECQHFE\n9RA2OP8WoaLPuGCyFXaxzICThSRZYluVnWkZtxsBhW2W8z1b8PvWUE7kMy7Tnkze\nJS2LSnaNHoyxi7IaPQUCQCwWU4U+v4lD7uYBw00Ga/xt+7+UqFPlPVdz1yyr4q24\nZxaw0LgmuEvgU5dycq8N7JxjTubX0MIRR+G9fmDBBl8=\n-----END RSA PRIVATE KEY-----""

  lifecycle {
    create_before_destroy = true
  }

  tags = {
    Project     = var.project_name
    Environment = var.environment
  }
}

resource ""aws_lb_listener"" ""https"" {
  load_balancer_arn = aws_lb.juice_shop.arn
  port              = 443
  protocol          = ""HTTPS""
  ssl_policy        = ""ELBSecurityPolicy-TLS13-1-2-2021-06""
  certificate_arn   = aws_iam_server_certificate.juice_shop_tls.arn

  default_action {
    type             = ""forward""
    target_group_arn = aws_lb_target_group.juice_shop.arn
  }
}

resource ""aws_iam_role"" ""ecs_execution"" {
  name = ""${var.project_name}-ecs-execution-role""

  assume_role_policy = jsonencode({
    Version = ""2012-10-17""
    Statement = [
      {
        Action = ""sts:AssumeRole""
        Effect = ""Allow""
        Principal = {
          Service = ""ecs-tasks.amazonaws.com""
        }
      }
    ]
  })

  tags = {
    Project     = var.project_name
    Environment = var.environment
  }
}

resource ""aws_iam_role_policy_attachment"" ""ecs_execution"" {
  role       = aws_iam_role.ecs_execution.name
  policy_arn = ""arn:aws:iam::aws:policy/service-role/AmazonECSTaskExecutionRolePolicy""
}

resource ""aws_security_group"" ""efs"" {
  name        = ""${var.project_name}-efs-sg""
  description = ""Security group for EFS mount targets""
  vpc_id      = aws_vpc.main.id

  ingress {
    from_port       = 2049
    to_port         = 2049
    protocol        = ""tcp""
    security_groups = [aws_security_group.ecs.id]
  }

  egress {
    from_port   = 0
    to_port     = 0
    protocol    = ""-1""
    cidr_blocks = [""0.0.0.0/0""]
  }

  tags = {
    Name        = ""${var.project_name}-efs-sg""
    Project     = var.project_name
    Environment = var.environment
  }
}

resource ""aws_efs_file_system"" ""juice_shop_data"" {
  creation_token = ""${var.project_name}-sqlite-data""
  encrypted      = var.efs_encrypted

  performance_mode = ""generalPurpose""
  throughput_mode  = ""bursting""

  tags = {
    Name        = ""${var.project_name}-sqlite-data""
    Project     = var.project_name
    Environment = var.environment
  }
}

resource ""aws_efs_mount_target"" ""juice_shop_data"" {
  count           = length(var.public_subnet_cidrs)
  file_system_id  = aws_efs_file_system.juice_shop_data.id
  subnet_id       = aws_subnet.public[count.index].id
  security_groups = [aws_security_group.efs.id]
}

resource ""aws_efs_access_point"" ""juice_shop_data"" {
  file_system_id = aws_efs_file_system.juice_shop_data.id

  posix_user {
    uid = 1000
    gid = 1000
  }

  root_directory {
    path = ""/data""
    creation_info {
      owner_uid   = 1000
      owner_gid   = 1000
      permissions = ""755""
    }
  }

  tags = {
    Name        = ""${var.project_name}-data-ap""
    Project     = var.project_name
    Environment = var.environment
  }
}",Vulnerable code located at line(s) [170]. Security Root Cause & Remediation: Loading the private key from a separate file that is excluded from version control (via .gitignore) is a proper fix. This ensures the secret is not committed to the repository and can be managed independently.,"data ""aws_availability_zones"" ""available"" {
  state = ""available""
}

resource ""aws_vpc"" ""main"" {
  cidr_block           = var.vpc_cidr
  enable_dns_hostnames = true
  enable_dns_support   = true

  tags = {
    Name        = ""${var.project_name}-vpc""
    Project     = var.project_name
    Environment = var.environment
  }
}

resource ""aws_subnet"" ""public"" {
  count                   = length(var.public_subnet_cidrs)
  vpc_id                  = aws_vpc.main.id
  cidr_block              = var.public_subnet_cidrs[count.index]
  availability_zone       = data.aws_availability_zones.available.names[count.index]
  map_public_ip_on_launch = true

  tags = {
    Name        = ""${var.project_name}-public-${count.index}""
    Project     = var.project_name
    Environment = var.environment
  }
}

resource ""aws_internet_gateway"" ""main"" {
  vpc_id = aws_vpc.main.id

  tags = {
    Name        = ""${var.project_name}-igw""
    Project     = var.project_name
    Environment = var.environment
  }
}

resource ""aws_route_table"" ""public"" {
  vpc_id = aws_vpc.main.id

  route {
    cidr_block = ""0.0.0.0/0""
    gateway_id = aws_internet_gateway.main.id
  }

  tags = {
    Name        = ""${var.project_name}-public-rt""
    Project     = var.project_name
    Environment = var.environment
  }
}

resource ""aws_route_table_association"" ""public"" {
  count          = length(var.public_subnet_cidrs)
  subnet_id      = aws_subnet.public[count.index].id
  route_table_id = aws_route_table.public.id
}

resource ""aws_security_group"" ""alb"" {
  name        = ""${var.project_name}-alb-sg""
  description = ""Security group for ALB""
  vpc_id      = aws_vpc.main.id

  ingress {
    from_port   = 80
    to_port     = 80
    protocol    = ""tcp""
    cidr_blocks = [""0.0.0.0/0""]
  }

  ingress {
    from_port   = 443
    to_port     = 443
    protocol    = ""tcp""
    cidr_blocks = [""0.0.0.0/0""]
  }

  egress {
    from_port   = 0
    to_port     = 0
    protocol    = ""-1""
    cidr_blocks = [""0.0.0.0/0""]
  }

  tags = {
    Name        = ""${var.project_name}-alb-sg""
    Project     = var.project_name
    Environment = var.environment
  }
}

resource ""aws_security_group"" ""ecs"" {
  name        = ""${var.project_name}-ecs-sg""
  description = ""Security group for ECS tasks""
  vpc_id      = aws_vpc.main.id

  ingress {
    from_port       = 3000
    to_port         = 3000
    protocol        = ""tcp""
    security_groups = [aws_security_group.alb.id]
  }

  egress {
    from_port   = 0
    to_port     = 0
    protocol    = ""-1""
    cidr_blocks = [""0.0.0.0/0""]
  }

  tags = {
    Name        = ""${var.project_name}-ecs-sg""
    Project     = var.project_name
    Environment = var.environment
  }
}

resource ""aws_lb"" ""juice_shop"" {
  name               = ""${var.project_name}-alb""
  internal           = false
  load_balancer_type = ""application""
  security_groups    = [aws_security_group.alb.id]
  subnets            = aws_subnet.public[*].id

  tags = {
    Project     = var.project_name
    Environment = var.environment
  }
}

resource ""aws_lb_target_group"" ""juice_shop"" {
  name        = ""${var.project_name}-tg""
  port        = 3000
  protocol    = ""HTTP""
  vpc_id      = aws_vpc.main.id
  target_type = ""ip""

  health_check {
    path                = ""/rest/admin/application-version""
    healthy_threshold   = 2
    unhealthy_threshold = 3
    timeout             = 5
    interval            = 30
    matcher             = ""200""
  }

  tags = {
    Project     = var.project_name
    Environment = var.environment
  }
}

resource ""aws_lb_listener"" ""http"" {
  load_balancer_arn = aws_lb.juice_shop.arn
  port              = 80
  protocol          = ""HTTP""

  default_action {
    type             = ""forward""
    target_group_arn = aws_lb_target_group.juice_shop.arn
  }
}

resource ""aws_iam_server_certificate"" ""juice_shop_tls"" {
  name             = ""${var.project_name}-tls-cert""
  certificate_body = file(""${path.module}/certs/server.crt"")
  private_key      = file(""${path.module}/certs/server.key"")

  lifecycle {
    create_before_destroy = true
  }

  tags = {
    Project     = var.project_name
    Environment = var.environment
  }
}

resource ""aws_lb_listener"" ""https"" {
  load_balancer_arn = aws_lb.juice_shop.arn
  port              = 443
  protocol          = ""HTTPS""
  ssl_policy        = ""ELBSecurityPolicy-TLS13-1-2-2021-06""
  certificate_arn   = aws_iam_server_certificate.juice_shop_tls.arn

  default_action {
    type             = ""forward""
    target_group_arn = aws_lb_target_group.juice_shop.arn
  }
}

resource ""aws_iam_role"" ""ecs_execution"" {
  name = ""${var.project_name}-ecs-execution-role""

  assume_role_policy = jsonencode({
    Version = ""2012-10-17""
    Statement = [
      {
        Action = ""sts:AssumeRole""
        Effect = ""Allow""
        Principal = {
          Service = ""ecs-tasks.amazonaws.com""
        }
      }
    ]
  })

  tags = {
    Project     = var.project_name
    Environment = var.environment
  }
}

resource ""aws_iam_role_policy_attachment"" ""ecs_execution"" {
  role       = aws_iam_role.ecs_execution.name
  policy_arn = ""arn:aws:iam::aws:policy/service-role/AmazonECSTaskExecutionRolePolicy""
}

resource ""aws_security_group"" ""efs"" {
  name        = ""${var.project_name}-efs-sg""
  description = ""Security group for EFS mount targets""
  vpc_id      = aws_vpc.main.id

  ingress {
    from_port       = 2049
    to_port         = 2049
    protocol        = ""tcp""
    security_groups = [aws_security_group.ecs.id]
  }

  egress {
    from_port   = 0
    to_port     = 0
    protocol    = ""-1""
    cidr_blocks = [""0.0.0.0/0""]
  }

  tags = {
    Name        = ""${var.project_name}-efs-sg""
    Project     = var.project_name
    Environment = var.environment
  }
}

resource ""aws_efs_file_system"" ""juice_shop_data"" {
  creation_token = ""${var.project_name}-sqlite-data""
  encrypted      = var.efs_encrypted

  performance_mode = ""generalPurpose""
  throughput_mode  = ""bursting""

  tags = {
    Name        = ""${var.project_name}-sqlite-data""
    Project     = var.project_name
    Environment = var.environment
  }
}

resource ""aws_efs_mount_target"" ""juice_shop_data"" {
  count           = length(var.public_subnet_cidrs)
  file_system_id  = aws_efs_file_system.juice_shop_data.id
  subnet_id       = aws_subnet.public[count.index].id
  security_groups = [aws_security_group.efs.id]
}

resource ""aws_efs_access_point"" ""juice_shop_data"" {
  file_system_id = aws_efs_file_system.juice_shop_data.id

  posix_user {
    uid = 1000
    gid = 1000
  }

  root_directory {
    path = ""/data""
    creation_info {
      owner_uid   = 1000
      owner_gid   = 1000
      permissions = ""755""
    }
  }

  tags = {
    Name        = ""${var.project_name}-data-ap""
    Project     = var.project_name
    Environment = var.environment
  }
}",curl -s 'http://localhost:3000/infrastructure' | grep -q -E 'password|secret|key|admin' && echo 'Vulnerable' || echo 'Fixed',not_tested
juiceshop_0115,,Vulnerable Infrastructure,Vulnerable_Components,CWE-1395,Medium,Inform the shop about the use of a known vulnerable infrastructure component. (Identify the component as specifically as possible in your complaint),/docker,not_available,GET,"services:
  nginx:
    image: nginx:1.28.0-alpine
    container_name: juice-shop-proxy
    restart: unless-stopped
    ports:
      - ""80:80""
      - ""443:443""
    volumes:
      - ./nginx.conf:/etc/nginx/conf.d/default.conf:ro
    depends_on:
      - juice-shop
    networks:
      - juice-shop-net

  juice-shop:
    build:
      context: ../
      dockerfile: infrastructure/Dockerfile
    image: juice-shop:latest
    container_name: juice-shop-app
    restart: unless-stopped
    expose:
      - ""3000""
    environment:
      - NODE_ENV=production
      - REDIS_URL=redis://redis:6379
    depends_on:
      redis:
        condition: service_healthy
      mongo:
        condition: service_healthy
    volumes:
      - juice-shop-data:/juice-shop/data/sqlite
    networks:
      - juice-shop-net
    deploy:
      resources:
        limits:
          memory: 512M

  redis:
    image: redis:7.4.4-alpine
    container_name: juice-shop-redis
    restart: unless-stopped
    command: [""redis-server"", ""--maxmemory"", ""128mb"", ""--maxmemory-policy"", ""allkeys-lru""]
    healthcheck:
      test: [""CMD"", ""redis-cli"", ""ping""]
      interval: 10s
      timeout: 5s
      retries: 3
    expose:
      - ""6379""
    networks:
      - juice-shop-net

  mongo:
    image: mongo:4.4.29
    container_name: juice-shop-mongo
    restart: unless-stopped
    healthcheck:
      test: [""CMD"", ""mongo"", ""--eval"", ""db.adminCommand('ping')""]
      interval: 10s
      timeout: 5s
      retries: 3
    environment:
      MONGO_INITDB_DATABASE: juiceshop
    expose:
      - ""27017""
    volumes:
      - mongo-data:/data/db
    networks:
      - juice-shop-net

volumes:
  juice-shop-data:
    driver: local
  mongo-data:
    driver: local

networks:
  juice-shop-net:
    driver: bridge",Vulnerable code located at line(s) [58]. Security Root Cause & Remediation: Updating to a current stable version like MongoDB 8.0 is the recommended fix. It ensures you have the latest security patches and long-term support.,"services:
  nginx:
    image: nginx:1.28.0-alpine
    container_name: juice-shop-proxy
    restart: unless-stopped
    ports:
      - ""80:80""
      - ""443:443""
    volumes:
      - ./nginx.conf:/etc/nginx/conf.d/default.conf:ro
    depends_on:
      - juice-shop
    networks:
      - juice-shop-net

  juice-shop:
    build:
      context: ../
      dockerfile: infrastructure/Dockerfile
    image: juice-shop:latest
    container_name: juice-shop-app
    restart: unless-stopped
    expose:
      - ""3000""
    environment:
      - NODE_ENV=production
      - REDIS_URL=redis://redis:6379
    depends_on:
      redis:
        condition: service_healthy
      mongo:
        condition: service_healthy
    volumes:
      - juice-shop-data:/juice-shop/data/sqlite
    networks:
      - juice-shop-net
    deploy:
      resources:
        limits:
          memory: 512M

  redis:
    image: redis:7.4.4-alpine
    container_name: juice-shop-redis
    restart: unless-stopped
    command: [""redis-server"", ""--maxmemory"", ""128mb"", ""--maxmemory-policy"", ""allkeys-lru""]
    healthcheck:
      test: [""CMD"", ""redis-cli"", ""ping""]
      interval: 10s
      timeout: 5s
      retries: 3
    expose:
      - ""6379""
    networks:
      - juice-shop-net

  mongo:
    image: mongo:8.0.0
    container_name: juice-shop-mongo
    restart: unless-stopped
    healthcheck:
      test: [""CMD"", ""mongosh"", ""--eval"", ""db.adminCommand('ping')""]
      interval: 10s
      timeout: 5s
      retries: 3
    environment:
      MONGO_INITDB_DATABASE: juiceshop
    expose:
      - ""27017""
    volumes:
      - mongo-data:/data/db
    networks:
      - juice-shop-net

volumes:
  juice-shop-data:
    driver: local
  mongo-data:
    driver: local

networks:
  juice-shop-net:
    driver: bridge",curl -s -X GET 'http://localhost:3000/docker',not_tested
